Date,A_None,A_D0,A_D1,A_D2,A_D3,A_D4,P_None,P_D0,P_D1,P_D2,P_D3,P_D4
2026-03-24,76.24,23.76,0.0,0.0,0.0,0.0,"120,572.78","37,575.10",0.00,0.00,0.00,0.00
2026-03-17,84.32,15.68,0.0,0.0,0.0,0.0,"133,353.15","24,794.72",0.00,0.00,0.00,0.00
2026-03-10,85.84,14.16,0.0,0.0,0.0,0.0,"135,749.95","22,397.92",0.00,0.00,0.00,0.00
2026-03-03,100.0,0.0,0.0,0.0,0.0,0.0,"158,147.87",0.00,0.00,0.00,0.00,0.00
2026-02-24,100.0,0.0,0.0,0.0,0.0,0.0,"158,147.87",0.00,0.00,0.00,0.00,0.00
2026-02-17,99.3,0.7,0.0,0.0,0.0,0.0,"157,043.75","1,104.12",0.00,0.00,0.00,0.00
2026-02-10,99.3,0.7,0.0,0.0,0.0,0.0,"157,042.91","1,104.96",0.00,0.00,0.00,0.00
2026-02-03,99.3,0.7,0.0,0.0,0.0,0.0,"157,042.91","1,104.96",0.00,0.00,0.00,0.00
2026-01-27,100.0,0.0,0.0,0.0,0.0,0.0,"158,147.87",0.00,0.00,0.00,0.00,0.00
2026-01-20,100.0,0.0,0.0,0.0,0.0,0.0,"158,147.87",0.00,0.00,0.00,0.00,0.00
2026-01-13,100.0,0.0,0.0,0.0,0.0,0.0,"158,147.87",0.00,0.00,0.00,0.00,0.00
2026-01-06,100.0,0.0,0.0,0.0,0.0,0.0,"158,147.87",0.00,0.00,0.00,0.00,0.00
2025-12-30,97.19,2.81,0.0,0.0,0.0,0.0,"153,705.15","4,442.72",0.00,0.00,0.00,0.00
2025-12-23,88.31,11.69,0.0,0.0,0.0,0.0,"139,656.50","18,491.38",0.00,0.00,0.00,0.00
2025-12-16,88.31,11.69,0.0,0.0,0.0,0.0,"139,656.50","18,491.38",0.00,0.00,0.00,0.00
2025-12-09,91.1,8.9,0.0,0.0,0.0,0.0,"144,070.47","14,077.40",0.00,0.00,0.00,0.00
2025-12-02,83.36,16.64,0.15,0.0,0.0,0.0,"131,836.69","26,311.18",232.62,0.00,0.00,0.00
2025-11-25,81.01,18.99,6.53,0.15,0.0,0.0,"128,119.15","30,028.72","10,321.85",232.09,0.00,0.00
2025-11-18,70.12,29.88,14.86,0.69,0.0,0.0,"110,900.51","47,247.36","23,493.44","1,096.12",0.00,0.00
2025-11-11,49.04,50.96,31.86,9.58,0.0,0.0,"77,560.59","80,587.28","50,388.94","15,157.90",0.00,0.00
2025-11-04,49.05,50.95,31.83,9.58,0.0,0.0,"77,571.53","80,576.34","50,331.82","15,157.90",0.00,0.00
2025-10-28,47.18,52.82,31.83,9.58,1.1,0.0,"74,621.87","83,526.00","50,331.82","15,157.90","1,744.85",0.00
2025-10-21,42.78,57.22,32.14,9.58,1.1,0.0,"67,662.61","90,485.26","50,828.83","15,157.90","1,744.85",0.00
2025-10-14,27.3,72.7,38.52,15.64,1.25,0.0,"43,173.00","114,974.87","60,917.49","24,735.20","1,974.45",0.00
2025-10-07,27.2,72.8,38.52,15.64,1.25,0.0,"43,018.37","115,129.51","60,917.49","24,738.72","1,974.45",0.00
2025-09-30,26.78,73.22,38.52,18.61,1.25,0.0,"42,348.68","115,799.19","60,917.37","29,429.69","1,974.45",0.00
2025-09-23,26.78,73.22,38.52,18.85,1.25,0.0,"42,348.68","115,799.19","60,917.37","29,813.14","1,974.45",0.00
2025-09-16,26.78,73.22,39.56,23.0,3.49,0.0,"42,348.68","115,799.19","62,557.10","36,377.87","5,517.84",0.00
2025-09-09,23.99,76.01,39.56,23.0,3.88,0.0,"37,938.10","120,209.77","62,557.10","36,377.87","6,140.11",0.00
2025-09-02,23.99,76.01,39.56,23.01,4.7,0.0,"37,937.73","120,210.14","62,557.10","36,385.64","7,440.81",0.00
2025-08-26,23.99,76.01,39.56,23.01,5.9,0.1,"37,937.73","120,210.14","62,557.10","36,385.64","9,329.39",162.44
2025-08-19,23.99,76.01,39.56,23.01,5.9,0.1,"37,937.73","120,210.14","62,557.10","36,385.64","9,329.39",162.44
2025-08-12,23.98,76.02,39.56,23.01,5.9,0.1,"37,925.60","120,222.27","62,557.10","36,385.64","9,329.39",162.44
2025-08-05,23.98,76.02,39.56,23.01,5.9,0.1,"37,925.60","120,222.27","62,557.10","36,385.64","9,329.39",162.44
2025-07-29,23.98,76.02,39.56,23.01,5.9,0.1,"37,925.60","120,222.27","62,557.10","36,385.64","9,329.39",162.44
2025-07-22,23.98,76.02,39.56,23.01,5.9,0.1,"37,925.60","120,222.27","62,557.10","36,385.64","9,329.39",162.44
2025-07-15,23.98,76.02,39.56,23.01,5.9,0.1,"37,925.85","120,222.02","62,557.10","36,385.64","9,329.39",162.44
2025-07-08,23.99,76.01,39.27,23.01,5.9,0.1,"37,937.91","120,209.96","62,100.48","36,385.64","9,329.39",162.44
2025-07-01,32.19,67.81,39.29,22.98,5.91,0.1,"50,912.41","107,235.46","62,131.10","36,348.53","9,350.99",162.44
2025-06-24,32.17,67.83,39.29,22.98,5.91,0.1,"50,881.99","107,265.88","62,131.10","36,348.53","9,350.99",162.44
2025-06-17,37.73,62.27,39.29,22.98,5.91,0.1,"59,666.13","98,481.74","62,131.10","36,348.53","9,350.99",162.44
2025-06-10,39.01,60.99,39.29,22.98,5.91,0.1,"61,689.91","96,457.97","62,131.10","36,348.53","9,350.99",162.44
2025-06-03,39.01,60.99,39.81,24.73,7.11,0.1,"61,689.04","96,458.83","62,956.92","39,112.23","11,241.69",162.44
2025-05-27,40.22,59.78,39.81,24.73,7.11,0.1,"63,606.04","94,541.83","62,956.92","39,112.23","11,237.54",162.44
2025-05-20,41.86,58.14,39.81,24.73,7.11,0.1,"66,196.76","91,951.11","62,956.92","39,112.23","11,237.54",162.44
2025-05-13,41.86,58.14,39.81,24.73,7.11,0.1,"66,196.76","91,951.11","62,956.92","39,112.23","11,237.54",162.44
2025-05-06,43.73,56.27,39.81,24.73,8.3,0.1,"69,154.51","88,993.36","62,956.92","39,112.23","13,127.17",162.44
2025-04-29,43.73,56.27,39.81,24.73,8.3,0.73,"69,163.23","88,984.64","62,956.92","39,109.49","13,127.17","1,160.64"
2025-04-22,43.66,56.34,39.81,24.73,8.3,0.73,"69,045.05","89,102.82","62,956.92","39,109.49","13,127.17","1,160.64"
2025-04-15,43.71,56.29,39.81,24.73,8.3,0.73,"69,119.60","89,028.27","62,956.92","39,109.49","13,127.17","1,160.64"
2025-04-08,43.71,56.29,39.81,24.73,8.3,0.73,"69,119.60","89,028.27","62,956.92","39,109.49","13,127.17","1,160.64"
2025-04-01,43.71,56.29,39.81,24.73,11.77,0.73,"69,119.60","89,028.27","62,956.92","39,109.49","18,606.17","1,160.64"
2025-03-25,43.71,56.29,39.81,24.73,11.76,0.73,"69,119.60","89,028.27","62,956.92","39,109.49","18,597.64","1,160.64"
2025-03-18,42.9,57.1,39.81,24.73,11.76,0.73,"67,848.73","90,299.15","62,956.92","39,109.49","18,597.64","1,160.64"
2025-03-11,41.78,58.22,41.58,24.83,14.75,0.73,"66,069.09","92,078.78","65,752.64","39,272.82","23,328.70","1,160.64"
2025-03-04,41.82,58.18,41.58,24.83,14.75,0.73,"66,131.25","92,016.62","65,752.64","39,272.82","23,328.70","1,160.64"
2025-02-25,41.82,58.18,41.58,24.83,14.75,0.0,"66,131.25","92,016.62","65,752.64","39,272.82","23,328.70",0.00
2025-02-18,41.82,58.18,41.58,24.83,14.75,0.0,"66,131.25","92,016.62","65,752.64","39,272.82","23,328.70",0.00
2025-02-11,33.22,66.78,54.31,34.66,21.21,0.0,"52,529.27","105,618.60","85,890.17","54,809.52","33,543.79",0.00
2025-02-04,33.22,66.78,54.31,34.66,21.21,0.0,"52,529.27","105,618.60","85,890.17","54,809.52","33,543.79",0.00
2025-01-28,33.22,66.78,54.31,32.86,11.88,0.0,"52,529.27","105,618.60","85,890.17","51,966.86","18,786.63",0.00
2025-01-21,33.22,66.78,39.39,32.86,11.9,0.0,"52,529.27","105,618.60","62,289.59","51,966.86","18,820.63",0.00
2025-01-14,39.11,60.89,35.93,26.95,1.06,0.0,"61,847.67","96,300.21","56,819.03","42,615.99","1,683.31",0.00
2025-01-07,39.11,60.89,35.93,10.43,1.06,0.0,"61,847.67","96,300.21","56,819.03","16,496.52","1,683.31",0.00
2024-12-31,40.9,59.1,31.52,5.7,1.06,0.0,"64,689.77","93,458.11","49,841.13","9,010.59","1,683.31",0.00
2024-12-24,43.49,56.51,16.72,5.7,1.03,0.0,"68,773.87","89,374.01","26,448.66","9,010.59","1,623.68",0.00
2024-12-17,43.49,56.51,16.72,5.7,1.03,0.0,"68,773.87","89,374.01","26,448.66","9,010.59","1,623.68",0.00
2024-12-10,43.46,56.54,16.72,5.7,1.03,0.0,"68,725.80","89,422.07","26,448.66","9,010.59","1,623.68",0.00
2024-12-03,56.78,43.22,16.72,5.7,1.03,0.0,"89,790.73","68,357.14","26,448.66","9,010.59","1,623.68",0.00
2024-11-26,56.09,43.91,16.72,5.7,1.03,0.0,"88,710.69","69,437.18","26,448.66","9,010.59","1,623.68",0.00
2024-11-19,28.61,71.39,16.88,5.5,0.95,0.0,"45,238.59","112,909.28","26,689.10","8,701.45","1,494.58",0.00
2024-11-12,25.51,74.49,17.0,5.5,0.95,0.0,"40,347.15","117,800.72","26,892.31","8,701.45","1,494.58",0.00
2024-11-05,25.53,74.47,12.26,4.3,0.0,0.0,"40,377.05","117,770.82","19,384.02","6,808.06",0.00,0.00
2024-10-29,25.37,74.63,12.26,4.3,0.0,0.0,"40,122.01","118,025.86","19,389.27","6,808.06",0.00,0.00
2024-10-22,24.68,75.32,14.05,4.3,0.0,0.0,"39,026.99","119,120.88","22,212.98","6,808.06",0.00,0.00
2024-10-15,24.68,75.32,14.05,4.3,0.0,0.0,"39,026.99","119,120.88","22,212.98","6,808.06",0.00,0.00
2024-10-08,24.68,75.32,13.77,1.72,0.0,0.0,"39,026.99","119,120.88","21,783.70","2,715.74",0.00,0.00
2024-10-01,28.4,71.6,10.67,0.08,0.0,0.0,"44,906.50","113,241.37","16,868.31",122.40,0.00,0.00
2024-09-24,28.59,71.41,10.67,0.08,0.0,0.0,"45,210.80","112,937.07","16,868.31",122.40,0.00,0.00
2024-09-17,28.59,71.41,10.67,0.08,0.0,0.0,"45,210.80","112,937.07","16,868.31",122.40,0.00,0.00
2024-09-10,28.59,71.41,10.68,0.08,0.0,0.0,"45,210.80","112,937.07","16,894.20",122.40,0.00,0.00
2024-09-03,45.59,54.41,8.36,0.0,0.0,0.0,"72,095.42","86,052.45","13,229.02",0.00,0.00,0.00
2024-08-27,58.11,41.89,6.91,0.1,0.0,0.0,"91,897.82","66,250.05","10,931.16",154.75,0.00,0.00
2024-08-20,66.59,33.41,6.91,0.1,0.0,0.0,"105,310.09","52,837.78","10,931.16",154.75,0.00,0.00
2024-08-13,77.29,22.71,5.32,0.0,0.0,0.0,"122,227.19","35,920.68","8,408.05",0.00,0.00,0.00
2024-08-06,77.26,22.74,5.32,0.0,0.0,0.0,"122,181.54","35,966.33","8,408.05",0.00,0.00,0.00
2024-07-30,78.78,21.22,4.44,0.0,0.0,0.0,"124,595.99","33,551.89","7,028.37",0.00,0.00,0.00
2024-07-23,78.8,21.2,4.44,0.0,0.0,0.0,"124,612.79","33,535.08","7,028.37",0.00,0.00,0.00
2024-07-16,78.8,21.2,1.62,0.0,0.0,0.0,"124,612.79","33,535.08","2,559.54",0.00,0.00,0.00
2024-07-09,80.72,19.28,0.77,0.0,0.0,0.0,"127,662.52","30,485.35","1,224.60",0.00,0.00,0.00
2024-07-02,94.25,5.75,0.0,0.0,0.0,0.0,"149,054.41","9,093.46",0.00,0.00,0.00,0.00
2024-06-25,97.18,2.82,0.0,0.0,0.0,0.0,"153,684.27","4,463.60",0.00,0.00,0.00,0.00
2024-06-18,98.79,1.21,0.0,0.0,0.0,0.0,"156,227.43","1,920.44",0.00,0.00,0.00,0.00
2024-06-11,98.79,1.21,0.0,0.0,0.0,0.0,"156,227.43","1,920.44",0.00,0.00,0.00,0.00
2024-06-04,98.78,1.22,0.0,0.0,0.0,0.0,"156,212.12","1,935.75",0.00,0.00,0.00,0.00
2024-05-28,98.77,1.23,0.0,0.0,0.0,0.0,"156,209.99","1,937.88",0.00,0.00,0.00,0.00
2024-05-21,98.77,1.23,0.0,0.0,0.0,0.0,"156,209.99","1,937.88",0.00,0.00,0.00,0.00
2024-05-14,98.77,1.23,0.0,0.0,0.0,0.0,"156,200.84","1,947.03",0.00,0.00,0.00,0.00
2024-05-07,97.32,2.68,0.0,0.0,0.0,0.0,"153,909.75","4,238.12",0.00,0.00,0.00,0.00
2024-04-30,97.32,2.68,0.0,0.0,0.0,0.0,"153,909.75","4,238.12",0.00,0.00,0.00,0.00
2024-04-23,97.32,2.68,0.0,0.0,0.0,0.0,"153,909.75","4,238.12",0.00,0.00,0.00,0.00
2024-04-16,97.32,2.68,0.0,0.0,0.0,0.0,"153,903.12","4,244.75",0.00,0.00,0.00,0.00
2024-04-09,97.32,2.68,0.0,0.0,0.0,0.0,"153,903.12","4,244.75",0.00,0.00,0.00,0.00
2024-04-02,95.46,4.54,0.0,0.0,0.0,0.0,"150,961.59","7,186.28",0.00,0.00,0.00,0.00
2024-03-26,95.46,4.54,0.0,0.0,0.0,0.0,"150,961.59","7,186.28",0.00,0.00,0.00,0.00
2024-03-19,95.46,4.54,0.0,0.0,0.0,0.0,"150,961.59","7,186.28",0.00,0.00,0.00,0.00
2024-03-12,95.46,4.54,0.0,0.0,0.0,0.0,"150,961.59","7,186.28",0.00,0.00,0.00,0.00
2024-03-05,95.46,4.54,0.0,0.0,0.0,0.0,"150,961.59","7,186.28",0.00,0.00,0.00,0.00
2024-02-27,92.97,7.03,0.0,0.0,0.0,0.0,"147,025.15","11,122.72",0.00,0.00,0.00,0.00
2024-02-20,92.97,7.03,0.0,0.0,0.0,0.0,"147,025.15","11,122.72",0.00,0.00,0.00,0.00
2024-02-13,92.81,7.19,0.0,0.0,0.0,0.0,"146,780.83","11,367.04",0.00,0.00,0.00,0.00
2024-02-06,92.84,7.16,0.0,0.0,0.0,0.0,"146,827.60","11,320.27",0.00,0.00,0.00,0.00
2024-01-30,90.53,9.47,0.0,0.0,0.0,0.0,"143,165.25","14,982.62",0.00,0.00,0.00,0.00
2024-01-23,96.55,3.45,0.0,0.0,0.0,0.0,"152,693.95","5,453.92",0.00,0.00,0.00,0.00
2024-01-16,96.65,3.35,0.0,0.0,0.0,0.0,"152,849.47","5,298.40",0.00,0.00,0.00,0.00
2024-01-09,96.65,3.35,0.0,0.0,0.0,0.0,"152,849.47","5,298.40",0.00,0.00,0.00,0.00
2024-01-02,96.65,3.35,0.0,0.0,0.0,0.0,"152,849.47","5,298.40",0.00,0.00,0.00,0.00
2023-12-26,96.65,3.35,0.0,0.0,0.0,0.0,"152,849.47","5,298.40",0.00,0.00,0.00,0.00
2023-12-19,96.33,3.67,0.0,0.0,0.0,0.0,"152,348.01","5,799.86",0.00,0.00,0.00,0.00
2023-12-12,96.33,3.67,0.0,0.0,0.0,0.0,"152,348.01","5,799.86",0.00,0.00,0.00,0.00
2023-12-05,96.33,3.67,0.0,0.0,0.0,0.0,"152,348.01","5,799.86",0.00,0.00,0.00,0.00
2023-11-28,95.32,4.68,0.0,0.0,0.0,0.0,"150,751.87","7,396.00",0.00,0.00,0.00,0.00
2023-11-21,95.32,4.68,0.0,0.0,0.0,0.0,"150,751.87","7,396.00",0.00,0.00,0.00,0.00
2023-11-14,95.32,4.68,0.0,0.0,0.0,0.0,"150,747.95","7,399.92",0.00,0.00,0.00,0.00
2023-11-07,94.04,5.96,0.0,0.0,0.0,0.0,"148,719.91","9,427.96",0.00,0.00,0.00,0.00
2023-10-31,94.34,5.66,0.0,0.0,0.0,0.0,"149,190.73","8,957.14",0.00,0.00,0.00,0.00
2023-10-24,94.32,5.68,0.0,0.0,0.0,0.0,"149,165.05","8,982.82",0.00,0.00,0.00,0.00
2023-10-17,94.32,5.68,0.0,0.0,0.0,0.0,"149,165.05","8,982.82",0.00,0.00,0.00,0.00
2023-10-10,93.98,6.02,0.07,0.0,0.0,0.0,"148,635.15","9,512.72",105.57,0.00,0.00,0.00
2023-10-03,94.01,5.99,0.07,0.0,0.0,0.0,"148,668.49","9,479.38",105.57,0.00,0.00,0.00
2023-09-26,94.01,5.99,0.07,0.0,0.0,0.0,"148,668.22","9,479.65",105.57,0.00,0.00,0.00
2023-09-19,93.53,6.47,0.24,0.0,0.0,0.0,"147,913.49","10,234.38",379.22,0.00,0.00,0.00
2023-09-12,93.54,6.46,0.22,0.0,0.0,0.0,"147,924.33","10,223.54",350.70,0.00,0.00,0.00
2023-09-05,93.53,6.47,0.22,0.0,0.0,0.0,"147,914.38","10,233.49",350.70,0.00,0.00,0.00
2023-08-29,93.35,6.65,1.35,0.0,0.0,0.0,"147,625.49","10,522.38","2,139.23",0.00,0.00,0.00
2023-08-22,93.33,6.67,1.38,0.0,0.0,0.0,"147,592.06","10,555.81","2,177.14",0.00,0.00,0.00
2023-08-15,74.56,25.44,7.27,0.0,0.0,0.0,"117,907.48","40,240.39","11,501.64",0.00,0.00,0.00
2023-08-08,74.55,25.45,7.28,0.0,0.0,0.0,"117,896.10","40,251.77","11,508.18",0.00,0.00,0.00
2023-08-01,74.43,25.57,6.52,0.0,0.0,0.0,"117,709.12","40,438.75","10,312.26",0.00,0.00,0.00
2023-07-25,74.43,25.57,6.29,0.0,0.0,0.0,"117,713.81","40,434.06","9,948.11",0.00,0.00,0.00
2023-07-18,74.45,25.55,6.29,0.0,0.0,0.0,"117,740.74","40,407.13","9,948.11",0.00,0.00,0.00
2023-07-11,71.95,28.05,6.29,0.0,0.0,0.0,"113,790.05","44,357.82","9,948.11",0.00,0.00,0.00
2023-07-04,71.95,28.05,4.63,0.0,0.0,0.0,"113,787.79","44,360.08","7,323.68",0.00,0.00,0.00
2023-06-27,71.88,28.12,4.63,0.0,0.0,0.0,"113,674.90","44,472.97","7,323.68",0.00,0.00,0.00
2023-06-20,72.32,27.68,4.63,0.0,0.0,0.0,"114,374.59","43,773.28","7,323.68",0.00,0.00,0.00
2023-06-13,72.32,27.68,4.63,0.0,0.0,0.0,"114,374.59","43,773.28","7,323.68",0.00,0.00,0.00
2023-06-06,70.88,29.12,4.63,0.0,0.0,0.0,"112,089.87","46,058.01","7,323.68",0.00,0.00,0.00
2023-05-30,70.88,29.12,4.63,0.0,0.0,0.0,"112,099.85","46,048.02","7,323.68",0.00,0.00,0.00
2023-05-23,70.86,29.14,4.63,0.0,0.0,0.0,"112,067.14","46,080.73","7,323.68",0.00,0.00,0.00
2023-05-16,68.02,31.98,5.95,0.0,0.0,0.0,"107,574.46","50,573.41","9,405.89",0.00,0.00,0.00
2023-05-09,68.02,31.98,5.95,0.0,0.0,0.0,"107,574.46","50,573.41","9,405.89",0.00,0.00,0.00
2023-05-02,68.04,31.96,7.98,0.0,0.0,0.0,"107,598.48","50,549.39","12,622.77",0.34,0.00,0.00
2023-04-25,68.04,31.96,7.98,0.0,0.0,0.0,"107,598.48","50,549.39","12,622.77",0.34,0.00,0.00
2023-04-18,65.67,34.33,8.79,0.0,0.0,0.0,"103,849.63","54,298.24","13,894.05",0.34,0.00,0.00
2023-04-11,65.67,34.33,8.79,0.0,0.0,0.0,"103,849.63","54,298.24","13,894.05",0.34,0.00,0.00
2023-04-04,56.17,43.83,24.86,0.82,0.0,0.0,"88,826.50","69,321.37","39,313.28","1,292.77",0.00,0.00
2023-03-28,55.34,44.66,28.11,1.95,0.0,0.0,"87,517.27","70,630.60","44,462.39","3,077.88",0.00,0.00
2023-03-21,48.51,51.49,35.88,8.49,0.0,0.0,"76,724.22","81,423.65","56,741.64","13,428.45",0.00,0.00
2023-03-14,44.66,55.34,36.42,8.49,0.0,0.0,"70,630.82","87,517.05","57,596.21","13,428.45",0.00,0.00
2023-03-07,26.84,73.16,43.06,19.0,0.0,0.0,"42,450.95","115,696.92","68,101.55","30,047.80",0.00,0.00
2023-02-28,16.71,83.29,49.13,24.96,0.0,0.0,"26,422.02","131,725.86","77,693.81","39,471.37",0.00,0.00
2023-02-21,0.61,99.39,84.6,32.62,0.0,0.0,958.59,"157,189.28","133,787.93","51,586.19",0.00,0.00
2023-02-14,0.64,99.36,84.6,32.62,0.0,0.0,"1,011.95","157,135.92","133,787.93","51,586.19",0.00,0.00
2023-02-07,0.64,99.36,84.6,32.62,0.0,0.0,"1,012.74","157,135.13","133,787.75","51,586.19",0.00,0.00
2023-01-31,0.64,99.36,89.56,32.57,0.0,0.0,"1,012.74","157,135.13","141,640.34","51,509.75",0.00,0.00
2023-01-24,0.64,99.36,89.56,32.57,0.0,0.0,"1,012.74","157,135.13","141,640.34","51,509.75",0.00,0.00
2023-01-17,0.64,99.36,92.12,42.84,0.0,0.0,"1,012.74","157,135.13","145,678.47","67,751.17",0.00,0.00
2023-01-10,0.0,100.0,95.38,46.0,0.32,0.0,0.00,"158,147.87","150,844.45","72,747.85",512.32,0.00
2023-01-03,0.0,100.0,97.93,71.14,27.1,0.0,0.00,"158,147.87","154,878.81","112,511.38","42,858.70",0.00
2022-12-27,0.0,100.0,97.94,80.56,35.5,7.16,0.00,"158,147.87","154,883.58","127,403.88","56,135.14","11,329.51"
2022-12-20,0.0,100.0,97.94,80.56,35.5,7.16,0.00,"158,147.87","154,883.58","127,403.88","56,135.14","11,329.51"
2022-12-13,0.0,100.0,97.94,80.56,35.5,7.16,0.00,"158,147.87","154,883.58","127,403.88","56,135.14","11,329.51"
2022-12-06,0.0,100.0,99.48,84.97,40.08,12.73,0.42,"158,147.45","157,324.03","134,375.16","63,378.80","20,131.16"
2022-11-29,0.0,100.0,99.48,84.97,40.92,12.73,0.13,"158,147.75","157,324.03","134,375.16","64,709.33","20,131.16"
2022-11-22,0.0,100.0,99.48,84.97,40.92,12.73,0.06,"158,147.81","157,327.44","134,375.16","64,709.33","20,131.16"
2022-11-15,0.0,100.0,99.48,84.97,40.92,12.73,0.06,"158,147.81","157,327.44","134,375.16","64,709.33","20,136.11"
2022-11-08,0.0,100.0,99.51,88.09,41.39,16.57,0.06,"158,147.81","157,377.60","139,306.11","65,462.39","26,200.91"
2022-11-01,0.0,100.0,99.77,91.83,43.06,16.57,0.06,"158,147.81","157,778.60","145,221.10","68,103.49","26,200.91"
2022-10-25,0.0,100.0,99.77,91.83,43.06,16.57,0.06,"158,147.81","157,777.80","145,221.10","68,103.49","26,200.91"
2022-10-18,0.0,100.0,99.77,91.83,40.91,16.57,0.06,"158,147.81","157,777.80","145,221.10","64,690.44","26,200.91"
2022-10-11,0.0,100.0,99.77,93.99,40.91,16.57,0.06,"158,147.81","157,777.80","148,648.97","64,690.44","26,200.91"
2022-10-04,0.0,100.0,99.77,94.02,40.91,16.57,0.19,"158,147.69","157,777.80","148,690.77","64,690.44","26,200.91"
2022-09-27,0.0,100.0,99.76,94.01,40.91,16.57,0.21,"158,147.66","157,770.89","148,679.78","64,690.44","26,200.91"
2022-09-20,0.0,100.0,99.76,94.06,40.91,16.57,1.06,"158,146.81","157,770.89","148,749.58","64,690.44","26,200.91"
2022-09-13,0.0,100.0,99.76,94.06,40.91,16.57,1.06,"158,146.81","157,770.89","148,749.58","64,690.44","26,200.91"
2022-09-06,0.0,100.0,99.76,97.52,40.18,16.57,1.42,"158,146.46","157,770.89","154,231.79","63,538.31","26,200.91"
2022-08-30,0.0,100.0,99.76,97.52,40.18,16.57,0.77,"158,147.10","157,770.89","154,231.79","63,538.31","26,200.91"
2022-08-23,0.0,100.0,99.76,97.53,43.16,16.57,1.16,"158,146.72","157,770.89","154,234.91","68,259.59","26,200.91"
2022-08-16,0.0,100.0,99.76,97.53,43.16,16.57,1.16,"158,146.72","157,770.89","154,234.91","68,259.59","26,200.91"
2022-08-09,0.0,100.0,99.77,97.52,45.81,16.53,1.19,"158,146.69","157,777.87","154,219.74","72,440.79","26,134.99"
2022-08-02,0.0,100.0,99.78,97.47,59.81,12.12,0.01,"158,147.86","157,807.09","154,148.98","94,593.12","19,162.42"
2022-07-26,0.0,100.0,99.78,97.47,59.81,12.74,0.01,"158,147.86","157,807.09","154,148.98","94,593.12","20,147.11"
2022-07-19,0.0,100.0,99.78,97.47,59.81,12.74,0.01,"158,147.86","157,807.09","154,148.98","94,593.12","20,147.11"
2022-07-12,0.0,100.0,99.8,97.48,59.81,12.74,1.46,"158,146.41","157,824.85","154,164.72","94,593.12","20,147.11"
2022-07-05,0.0,100.0,99.8,97.48,59.81,11.59,0.27,"158,147.60","157,824.85","154,164.72","94,593.12","18,329.45"
2022-06-28,0.0,100.0,99.79,97.48,59.81,11.59,0.00,"158,147.87","157,813.94","154,164.72","94,593.12","18,329.45"
2022-06-21,0.0,100.0,99.79,97.48,59.81,11.59,0.00,"158,147.87","157,813.94","154,164.72","94,593.12","18,329.45"
2022-06-14,0.0,100.0,99.79,97.48,59.81,11.59,0.00,"158,147.87","157,813.94","154,164.72","94,595.25","18,329.45"
2022-06-07,0.0,100.0,99.79,97.48,59.81,11.59,0.00,"158,147.87","157,813.94","154,164.72","94,595.25","18,329.45"
2022-05-31,0.0,100.0,99.86,97.56,59.81,11.59,0.00,"158,147.87","157,926.92","154,293.52","94,595.25","18,329.45"
2022-05-24,0.0,100.0,99.86,97.56,59.81,11.59,0.00,"158,147.87","157,926.92","154,293.52","94,595.25","18,329.45"
2022-05-17,0.0,100.0,99.86,95.14,59.81,0.18,0.00,"158,147.87","157,930.23","150,455.04","94,595.25",279.41
2022-05-10,0.0,100.0,99.86,95.14,59.81,0.0,0.00,"158,147.87","157,930.23","150,455.04","94,595.25",0.00
2022-05-03,0.0,100.0,100.0,95.18,40.51,0.0,0.00,"158,147.87","158,147.87","150,524.33","64,064.63",0.00
2022-04-26,0.0,100.0,100.0,95.18,40.56,0.0,0.00,"158,147.87","158,147.87","150,524.33","64,150.17",0.00
2022-04-19,0.0,100.0,100.0,95.18,40.81,0.0,0.00,"158,147.87","158,147.87","150,524.33","64,538.37",0.00
2022-04-12,0.0,100.0,100.0,95.75,46.87,0.0,0.00,"158,147.87","158,147.87","151,423.16","74,120.75",0.00
2022-04-05,0.0,100.0,100.0,93.65,40.67,0.0,0.00,"158,147.87","158,147.87","148,100.63","64,322.13",0.00
2022-03-29,0.0,100.0,100.0,93.65,40.25,0.0,0.00,"158,147.87","158,147.87","148,099.29","63,652.83",0.00
2022-03-22,0.0,100.0,100.0,93.65,37.69,0.0,0.00,"158,147.87","158,147.87","148,099.29","59,612.18",0.00
2022-03-15,0.0,100.0,100.0,93.23,35.22,0.0,0.00,"158,147.87","158,147.87","147,436.79","55,696.36",0.00
2022-03-08,0.0,100.0,100.0,86.98,12.82,0.0,0.00,"158,147.87","158,147.87","137,549.68","20,271.91",0.00
2022-03-01,0.0,100.0,100.0,86.98,12.82,0.0,0.00,"158,147.87","158,147.87","137,549.68","20,271.91",0.00
2022-02-22,0.0,100.0,100.0,68.77,6.7,0.0,0.00,"158,147.87","158,147.87","108,763.68","10,598.91",0.00
2022-02-15,0.0,100.0,99.57,66.39,1.39,0.0,0.00,"158,147.87","157,475.20","104,988.76","2,192.47",0.00
2022-02-08,0.0,100.0,99.25,66.42,1.39,0.0,0.00,"158,147.87","156,957.14","105,042.97","2,192.47",0.00
2022-02-01,0.0,100.0,99.25,66.39,1.39,0.0,0.00,"158,147.87","156,957.14","104,992.51","2,192.47",0.00
2022-01-25,0.0,100.0,99.25,66.39,1.39,0.0,0.00,"158,147.87","156,957.14","104,992.51","2,192.47",0.00
2022-01-18,0.0,100.0,99.25,66.39,1.39,0.0,0.00,"158,147.87","156,957.14","104,992.51","2,192.47",0.00
2022-01-11,0.0,100.0,99.25,66.39,1.39,0.0,0.00,"158,147.87","156,957.14","104,992.51","2,192.47",0.00
2022-01-04,0.0,100.0,99.3,67.62,16.6,0.84,0.00,"158,147.87","157,039.69","106,933.88","26,255.39","1,323.97"
2021-12-28,0.0,100.0,100.0,86.28,32.93,0.84,0.00,"158,147.87","158,147.87","136,456.77","52,082.72","1,323.97"
2021-12-21,0.0,100.0,100.0,92.44,79.44,23.11,0.00,"158,147.87","158,147.87","146,187.76","125,631.41","36,541.88"
2021-12-14,0.0,100.0,100.0,92.43,80.28,28.27,0.00,"158,147.87","158,147.87","146,176.56","126,955.59","44,702.61"
2021-12-07,0.0,100.0,100.0,92.43,80.28,28.27,0.00,"158,147.87","158,147.87","146,176.56","126,955.59","44,702.61"
2021-11-30,0.0,100.0,100.0,92.43,80.28,28.27,0.00,"158,147.87","158,147.87","146,176.56","126,955.59","44,702.61"
2021-11-23,0.0,100.0,100.0,92.43,80.28,28.27,0.00,"158,147.87","158,147.87","146,176.56","126,955.59","44,702.61"
2021-11-16,0.0,100.0,100.0,92.43,80.28,37.62,0.00,"158,147.87","158,147.87","146,176.56","126,955.59","59,494.37"
2021-11-09,0.0,100.0,100.0,92.43,80.28,37.62,0.00,"158,147.87","158,147.87","146,176.56","126,955.59","59,494.37"
2021-11-02,0.0,100.0,100.0,93.81,83.33,38.74,0.00,"158,147.87","158,147.87","148,360.58","131,780.63","61,267.73"
2021-10-26,0.0,100.0,100.0,93.81,83.33,38.74,0.00,"158,147.87","158,147.87","148,360.58","131,780.63","61,267.73"
2021-10-19,0.0,100.0,100.0,93.81,87.18,45.66,0.00,"158,147.87","158,147.87","148,360.58","137,872.17","72,205.98"
2021-10-12,0.0,100.0,100.0,93.93,87.18,45.66,0.00,"158,147.87","158,147.87","148,541.73","137,872.17","72,205.98"
2021-10-05,0.0,100.0,100.0,93.93,87.88,45.66,0.00,"158,147.87","158,147.87","148,541.73","138,978.83","72,205.98"
2021-09-28,0.0,100.0,100.0,93.93,87.88,45.66,0.00,"158,147.87","158,147.87","148,541.73","138,978.83","72,205.98"
2021-09-21,0.0,100.0,100.0,93.93,87.88,45.66,0.00,"158,147.87","158,147.87","148,541.73","138,978.83","72,205.98"
2021-09-14,0.0,100.0,100.0,93.93,87.94,45.66,0.00,"158,147.87","158,147.87","148,541.73","139,073.67","72,205.98"
2021-09-07,0.0,100.0,100.0,93.93,87.94,45.66,0.00,"158,147.87","158,147.87","148,541.73","139,073.67","72,205.98"
2021-08-31,0.0,100.0,100.0,95.56,88.37,47.4,0.00,"158,147.87","158,147.87","151,127.88","139,761.12","74,955.44"
2021-08-24,0.0,100.0,100.0,95.58,88.37,47.4,0.00,"158,147.87","158,147.87","151,160.68","139,761.12","74,955.44"
2021-08-17,0.0,100.0,100.0,95.58,88.37,48.97,0.00,"158,147.87","158,147.87","151,160.68","139,761.12","77,450.93"
2021-08-10,0.0,100.0,100.0,95.07,88.37,47.1,0.00,"158,147.87","158,147.87","150,345.26","139,761.12","74,483.19"
2021-08-03,0.0,100.0,100.0,95.07,88.37,46.45,0.00,"158,147.87","158,147.87","150,345.26","139,761.12","73,455.19"
2021-07-27,0.0,100.0,100.0,95.09,88.59,46.49,0.00,"158,147.87","158,147.87","150,378.51","140,096.25","73,519.83"
2021-07-20,0.0,100.0,100.0,94.75,85.75,33.42,0.00,"158,147.87","158,147.87","149,845.70","135,614.42","52,856.89"
2021-07-13,0.0,100.0,100.0,94.75,85.73,33.32,0.00,"158,147.87","158,147.87","149,845.70","135,586.52","52,701.12"
2021-07-06,0.0,100.0,100.0,94.73,85.44,33.32,0.00,"158,147.87","158,147.87","149,820.86","135,123.17","52,701.12"
2021-06-29,0.0,100.0,100.0,94.73,85.44,33.32,0.00,"158,147.87","158,147.87","149,820.86","135,123.17","52,701.12"
2021-06-22,0.0,100.0,100.0,94.73,85.44,33.32,0.00,"158,147.87","158,147.87","149,820.86","135,123.17","52,701.12"
2021-06-15,0.0,100.0,100.0,94.75,85.44,33.32,0.00,"158,147.87","158,147.87","149,844.82","135,123.17","52,701.12"
2021-06-08,0.0,100.0,100.0,94.75,85.2,33.32,0.00,"158,147.87","158,147.87","149,844.82","134,742.72","52,701.12"
2021-06-01,0.0,100.0,100.0,94.61,74.46,26.04,0.00,"158,147.87","158,147.87","149,616.73","117,752.42","41,186.09"
2021-05-25,0.0,100.0,100.0,94.61,74.46,26.04,0.00,"158,147.87","158,147.87","149,616.73","117,752.42","41,186.09"
2021-05-18,0.0,100.0,100.0,94.31,73.33,15.91,0.00,"158,147.87","158,147.87","149,149.09","115,974.06","25,165.75"
2021-05-11,0.0,100.0,100.0,94.31,73.33,13.53,0.00,"158,147.87","158,147.87","149,149.06","115,974.06","21,390.49"
2021-05-04,0.0,100.0,97.52,92.88,73.31,5.36,0.00,"158,147.87","154,218.94","146,888.95","115,930.99","8,477.52"
2021-04-27,0.0,100.0,97.51,87.95,52.86,5.36,0.00,"158,147.87","154,204.03","139,087.22","83,600.73","8,477.52"
2021-04-20,0.0,100.0,96.54,85.37,49.86,5.36,0.00,"158,147.87","152,668.76","135,009.57","78,858.44","8,477.52"
2021-04-13,0.78,99.22,94.14,76.97,38.68,5.36,"1,231.12","156,916.75","148,873.69","121,733.32","61,171.48","8,477.52"
2021-04-06,0.77,99.23,92.65,69.68,35.42,5.36,"1,210.71","156,937.16","146,523.36","110,200.21","56,009.28","8,477.52"
2021-03-30,0.77,99.23,90.66,64.02,31.76,5.36,"1,213.78","156,934.09","143,379.44","101,252.88","50,227.94","8,477.52"
2021-03-23,0.7,99.3,90.66,64.02,31.76,5.36,"1,106.89","157,040.98","143,379.44","101,252.88","50,227.94","8,477.52"
2021-03-16,0.78,99.22,90.62,58.59,29.54,3.75,"1,233.96","156,913.91","143,311.39","92,662.67","46,724.28","5,935.98"
2021-03-09,0.75,99.25,90.89,58.59,29.54,3.75,"1,180.45","156,967.42","143,745.71","92,662.67","46,724.28","5,935.98"
2021-03-02,0.75,99.25,90.89,56.98,29.54,3.75,"1,180.45","156,967.42","143,745.71","90,119.70","46,724.28","5,935.98"
2021-02-23,0.7,99.3,84.88,56.98,29.54,3.75,"1,111.34","157,036.53","134,242.85","90,119.70","46,724.28","5,935.98"
2021-02-16,0.7,99.3,84.88,57.58,30.99,3.75,"1,111.34","157,036.53","134,242.85","91,061.38","49,011.61","5,928.38"
2021-02-09,0.64,99.36,85.1,57.87,31.41,3.75,"1,019.33","157,128.54","134,581.92","91,515.20","49,675.62","5,928.38"
2021-02-02,0.0,100.0,85.99,58.44,31.65,3.75,0.00,"158,147.87","135,984.57","92,423.52","50,055.74","5,928.38"
2021-01-26,0.0,100.0,95.2,75.74,39.46,3.86,0.00,"158,147.87","150,553.36","119,783.47","62,409.47","6,102.94"
2021-01-19,0.0,100.0,95.2,78.12,39.46,1.19,0.00,"158,147.87","150,553.36","123,544.94","62,408.46","1,879.46"
2021-01-12,0.0,100.0,95.2,79.1,39.5,1.19,0.00,"158,147.87","150,553.36","125,095.02","62,462.01","1,879.46"
2021-01-05,0.0,100.0,95.2,74.34,33.84,1.19,0.00,"158,147.87","150,552.25","117,573.82","53,509.88","1,879.46"
2020-12-29,0.0,100.0,95.17,74.34,33.75,1.19,0.00,"158,147.87","150,506.42","117,573.82","53,376.22","1,879.46"
2020-12-22,0.0,100.0,95.17,74.34,33.75,1.19,0.00,"158,147.87","150,506.42","117,573.82","53,376.22","1,879.46"
2020-12-15,0.0,100.0,95.17,74.35,33.75,1.19,0.00,"158,147.87","150,506.42","117,575.60","53,376.22","1,879.46"
2020-12-08,0.0,100.0,95.17,66.79,21.3,0.0,0.00,"158,147.87","150,506.42","105,627.40","33,677.70",0.00
2020-12-01,3.46,96.54,75.03,48.19,19.36,0.0,"5,473.73","152,674.14","118,656.18","76,211.42","30,610.87",0.00
2020-11-24,3.5,96.5,75.03,48.19,19.36,0.0,"5,542.04","152,605.83","118,656.18","76,211.42","30,610.87",0.00
2020-11-17,15.61,84.39,70.91,41.25,15.83,0.0,"24,690.16","133,457.71","112,147.55","65,236.41","25,041.51",0.00
2020-11-10,15.48,84.52,70.91,41.25,15.83,0.0,"24,483.14","133,664.73","112,147.55","65,236.41","25,041.51",0.00
2020-11-03,15.48,84.52,67.54,35.61,12.74,0.0,"24,483.14","133,664.73","106,806.34","56,312.58","20,146.66",0.00
2020-10-27,15.4,84.6,67.54,35.61,12.74,0.0,"24,353.74","133,794.14","106,806.34","56,312.58","20,146.66",0.00
2020-10-20,15.4,84.6,67.54,35.61,12.74,0.0,"24,353.74","133,794.14","106,806.34","56,312.58","20,146.66",0.00
2020-10-13,15.4,84.6,67.54,35.61,12.74,0.0,"24,353.74","133,794.14","106,806.34","56,312.58","20,146.66",0.00
2020-10-06,15.4,84.6,67.54,35.61,12.74,0.0,"24,353.74","133,794.14","106,806.34","56,312.58","20,146.66",0.00
2020-09-29,15.35,84.65,67.65,35.62,12.74,0.0,"24,278.94","133,868.93","106,985.08","56,333.99","20,146.66",0.00
2020-09-22,15.62,84.38,67.09,35.27,3.39,0.0,"24,705.77","133,442.10","106,098.58","55,775.39","5,364.30",0.00
2020-09-15,15.62,84.38,67.09,35.26,3.17,0.0,"24,705.77","133,442.10","106,098.58","55,765.11","5,018.92",0.00
2020-09-08,20.45,79.55,54.18,32.98,3.04,0.0,"32,341.66","125,806.21","85,691.85","52,154.17","4,813.81",0.00
2020-09-01,20.39,79.61,54.38,31.78,3.04,0.0,"32,253.72","125,894.16","86,000.18","50,258.42","4,813.81",0.00
2020-08-25,20.55,79.45,54.38,31.88,3.04,0.0,"32,492.70","125,655.17","86,000.18","50,425.07","4,813.81",0.00
2020-08-18,20.55,79.45,54.22,21.72,3.04,0.0,"32,492.70","125,655.17","85,741.34","34,346.83","4,813.81",0.00
2020-08-11,33.74,66.26,50.39,21.72,3.04,0.0,"53,363.96","104,783.91","79,685.60","34,346.83","4,813.81",0.00
2020-08-04,33.74,66.26,50.38,21.5,3.04,0.0,"53,363.96","104,783.91","79,671.99","33,999.85","4,813.81",0.00
2020-07-28,40.34,59.66,50.38,21.5,3.04,0.0,"63,803.86","94,344.01","79,671.99","33,999.85","4,813.81",0.00
2020-07-21,40.34,59.66,48.21,21.5,3.04,0.0,"63,803.86","94,344.01","76,247.39","33,999.85","4,813.81",0.00
2020-07-14,40.38,59.62,48.19,21.5,2.45,0.0,"63,860.88","94,287.00","76,215.07","33,999.85","3,876.45",0.00
2020-07-07,41.79,58.21,46.74,20.84,2.45,0.0,"66,086.83","92,061.04","73,917.25","32,960.12","3,876.45",0.00
2020-06-30,41.79,58.21,46.74,20.84,2.45,0.0,"66,086.83","92,061.04","73,917.25","32,960.12","3,876.45",0.00
2020-06-23,41.79,58.21,46.74,20.84,2.45,0.0,"66,086.83","92,061.04","73,917.25","32,960.12","3,876.45",0.00
2020-06-16,41.79,58.21,46.74,20.84,2.45,0.0,"66,086.83","92,061.04","73,917.25","32,960.12","3,876.45",0.00
2020-06-09,41.79,58.21,46.74,20.84,2.45,0.0,"66,086.83","92,061.04","73,917.25","32,960.12","3,876.45",0.00
2020-06-02,41.8,58.2,46.67,20.84,2.97,0.0,"66,112.89","92,034.98","73,806.07","32,960.12","4,699.31",0.00
2020-05-26,41.8,58.2,46.67,20.84,2.97,0.0,"66,112.89","92,034.98","73,806.07","32,960.12","4,699.31",0.00
2020-05-19,41.8,58.2,46.67,20.84,2.97,0.0,"66,112.89","92,034.98","73,806.07","32,960.12","4,699.31",0.00
2020-05-12,41.8,58.2,46.67,20.84,2.99,0.0,"66,112.89","92,034.98","73,806.07","32,960.12","4,724.83",0.00
2020-05-05,41.8,58.2,42.87,19.56,3.94,0.0,"66,112.89","92,034.98","67,790.66","30,928.82","6,233.06",0.00
2020-04-28,41.8,58.2,41.58,19.59,4.66,0.0,"66,112.89","92,034.98","65,760.43","30,982.33","7,373.59",0.00
2020-04-21,41.8,58.2,35.7,19.59,4.66,0.0,"66,112.89","92,034.98","56,453.47","30,982.33","7,373.59",0.00
2020-04-14,41.8,58.2,35.7,12.83,0.0,0.0,"66,112.89","92,034.98","56,453.47","20,284.67",0.00,0.00
2020-04-07,32.29,67.71,43.31,1.3,0.0,0.0,"51,063.19","107,084.68","68,500.57","2,053.88",0.00,0.00
2020-03-31,24.86,75.14,43.31,1.3,0.0,0.0,"39,318.07","118,829.80","68,500.57","2,053.88",0.00,0.00
2020-03-24,24.86,75.14,40.42,1.3,0.0,0.0,"39,318.07","118,829.80","63,926.36","2,053.88",0.00,0.00
2020-03-17,24.64,75.36,47.59,1.26,0.0,0.0,"38,968.13","119,179.75","75,255.18","1,997.77",0.00,0.00
2020-03-10,21.5,78.5,48.09,0.0,0.0,0.0,"33,997.89","124,149.98","76,056.41",0.00,0.00,0.00
2020-03-03,30.26,69.74,34.16,0.0,0.0,0.0,"47,852.28","110,295.59","54,029.16",0.00,0.00,0.00
2020-02-25,30.26,69.74,23.34,0.0,0.0,0.0,"47,852.28","110,295.59","36,915.38",0.00,0.00,0.00
2020-02-18,40.02,59.98,9.54,0.0,0.0,0.0,"63,290.06","94,857.82","15,087.93",0.00,0.00,0.00
2020-02-11,53.85,46.15,9.54,0.0,0.0,0.0,"85,159.56","72,988.31","15,087.93",0.00,0.00,0.00
2020-02-04,65.72,34.28,0.0,0.0,0.0,0.0,"103,927.12","54,220.75",0.00,0.00,0.00,0.00
2020-01-28,65.72,34.28,0.0,0.0,0.0,0.0,"103,927.12","54,220.75",0.00,0.00,0.00,0.00
2020-01-21,96.39,3.61,0.0,0.0,0.0,0.0,"152,438.20","5,709.67",0.00,0.00,0.00,0.00
2020-01-14,96.39,3.61,0.0,0.0,0.0,0.0,"152,438.20","5,709.67",0.00,0.00,0.00,0.00
2020-01-07,96.43,3.57,0.0,0.0,0.0,0.0,"152,502.15","5,645.72",0.00,0.00,0.00,0.00
2019-12-31,96.43,3.57,0.0,0.0,0.0,0.0,"152,502.15","5,645.72",0.00,0.00,0.00,0.00
2019-12-24,96.43,3.57,0.0,0.0,0.0,0.0,"152,498.18","5,649.70",0.00,0.00,0.00,0.00
2019-12-17,96.43,3.57,0.0,0.0,0.0,0.0,"152,498.18","5,649.70",0.00,0.00,0.00,0.00
2019-12-10,96.43,3.57,0.0,0.0,0.0,0.0,"152,498.18","5,649.70",0.00,0.00,0.00,0.00
2019-12-03,14.74,85.26,0.01,0.0,0.0,0.0,"23,314.76","134,833.12",8.53,0.00,0.00,0.00
2019-11-26,9.22,90.78,3.31,0.01,0.0,0.0,"14,587.39","143,560.48","5,230.73",9.14,0.00,0.00
2019-11-19,18.55,81.45,3.59,0.01,0.0,0.0,"29,344.13","128,803.74","5,675.30",9.14,0.00,0.00
2019-11-12,18.61,81.39,3.57,0.01,0.0,0.0,"29,438.15","128,709.72","5,653.62",9.14,0.00,0.00
2019-11-05,82.26,17.74,2.06,0.0,0.0,0.0,"130,092.36","28,055.51","3,259.56",6.21,0.00,0.00
2019-10-29,82.26,17.74,2.06,0.0,0.0,0.0,"130,098.71","28,049.16","3,259.56",6.21,0.00,0.00
2019-10-22,82.26,17.74,2.06,0.0,0.0,0.0,"130,098.71","28,049.16","3,259.56",6.21,0.00,0.00
2019-10-15,85.4,14.6,2.06,0.0,0.0,0.0,"135,063.29","23,084.58","3,259.56",6.21,0.00,0.00
2019-10-08,95.29,4.71,2.06,0.0,0.0,0.0,"150,705.49","7,442.38","3,259.45",6.20,0.00,0.00
2019-10-01,95.29,4.71,2.06,0.0,0.0,0.0,"150,705.34","7,442.53","3,259.56",6.21,0.00,0.00
2019-09-24,89.73,10.27,2.06,0.0,0.0,0.0,"141,899.35","16,248.52","3,259.56",6.21,0.00,0.00
2019-09-17,89.61,10.39,2.06,0.0,0.0,0.0,"141,720.70","16,427.17","3,259.56",6.21,0.00,0.00
2019-09-10,90.94,9.06,1.09,0.01,0.0,0.0,"143,826.00","14,321.87","1,729.93",9.87,0.00,0.00
2019-09-03,90.94,9.06,1.09,0.0,0.0,0.0,"143,815.08","14,332.79","1,729.93",0.00,0.00,0.00
2019-08-27,90.94,9.06,1.09,0.0,0.0,0.0,"143,826.00","14,321.87","1,729.93",0.00,0.00,0.00
2019-08-20,93.27,6.73,0.0,0.0,0.0,0.0,"147,501.99","10,645.88",0.00,0.00,0.00,0.00
2019-08-13,94.07,5.93,0.0,0.0,0.0,0.0,"148,770.91","9,376.96",0.00,0.00,0.00,0.00
2019-08-06,95.55,4.45,0.0,0.0,0.0,0.0,"151,103.06","7,044.81",0.00,0.00,0.00,0.00
2019-07-30,95.68,4.32,0.0,0.0,0.0,0.0,"151,321.92","6,825.95",0.00,0.00,0.00,0.00
2019-07-23,95.68,4.32,0.0,0.0,0.0,0.0,"151,321.92","6,825.95",0.00,0.00,0.00,0.00
2019-07-16,95.68,4.32,0.0,0.0,0.0,0.0,"151,321.92","6,825.95",0.00,0.00,0.00,0.00
2019-07-09,95.68,4.32,0.0,0.0,0.0,0.0,"151,321.92","6,825.95",0.00,0.00,0.00,0.00
2019-07-02,95.68,4.32,0.0,0.0,0.0,0.0,"151,321.91","6,825.96",0.00,0.00,0.00,0.00
2019-06-25,95.68,4.32,0.0,0.0,0.0,0.0,"151,321.92","6,825.95",0.00,0.00,0.00,0.00
2019-06-18,95.68,4.32,0.0,0.0,0.0,0.0,"151,321.92","6,825.95",0.00,0.00,0.00,0.00
2019-06-11,95.68,4.32,0.0,0.0,0.0,0.0,"151,321.92","6,825.95",0.00,0.00,0.00,0.00
2019-06-04,95.68,4.32,0.0,0.0,0.0,0.0,"151,321.92","6,825.95",0.00,0.00,0.00,0.00
2019-05-28,94.03,5.97,0.0,0.0,0.0,0.0,"148,707.17","9,440.70",0.00,0.00,0.00,0.00
2019-05-21,94.03,5.97,0.0,0.0,0.0,0.0,"148,707.13","9,440.74",0.00,0.00,0.00,0.00
2019-05-14,94.03,5.97,0.0,0.0,0.0,0.0,"148,707.13","9,440.74",0.00,0.00,0.00,0.00
2019-05-07,94.03,5.97,0.0,0.0,0.0,0.0,"148,707.17","9,440.70",0.00,0.00,0.00,0.00
2019-04-30,94.03,5.97,0.0,0.0,0.0,0.0,"148,707.17","9,440.70",0.00,0.00,0.00,0.00
2019-04-23,94.03,5.97,0.0,0.0,0.0,0.0,"148,707.17","9,440.70",0.00,0.00,0.00,0.00
2019-04-16,94.03,5.97,0.0,0.0,0.0,0.0,"148,707.17","9,440.70",0.00,0.00,0.00,0.00
2019-04-09,94.03,5.97,0.0,0.0,0.0,0.0,"148,707.17","9,440.70",0.00,0.00,0.00,0.00
2019-04-02,93.42,6.58,0.0,0.0,0.0,0.0,"147,734.24","10,413.63",0.00,0.00,0.00,0.00
2019-03-26,93.42,6.58,0.0,0.0,0.0,0.0,"147,734.24","10,413.63",0.00,0.00,0.00,0.00
2019-03-19,93.42,6.58,0.0,0.0,0.0,0.0,"147,734.24","10,413.63",0.00,0.00,0.00,0.00
2019-03-12,93.42,6.58,0.0,0.0,0.0,0.0,"147,742.26","10,405.61",0.00,0.00,0.00,0.00
2019-03-05,89.84,10.16,0.6,0.0,0.0,0.0,"142,085.02","16,062.85",943.71,0.00,0.00,0.00
2019-02-26,87.17,12.83,2.33,0.0,0.0,0.0,"137,862.40","20,285.48","3,681.29",0.00,0.00,0.00
2019-02-19,67.07,32.93,3.77,1.36,0.0,0.0,"106,072.92","52,074.95","5,956.61","2,153.53",0.00,0.00
2019-02-12,36.77,63.23,10.55,1.63,0.0,0.0,"58,148.54","99,999.33","16,686.64","2,574.84",0.00,0.00
2019-02-05,34.37,65.63,10.55,1.89,0.0,0.0,"54,347.69","103,800.18","16,686.64","2,981.68",0.00,0.00
2019-01-29,23.93,76.07,23.66,1.89,0.0,0.0,"37,850.35","120,297.52","37,416.28","2,981.68",0.00,0.00
2019-01-22,7.77,92.23,72.23,3.44,0.71,0.0,"12,289.23","145,858.64","114,231.07","5,436.71","1,120.58",0.00
2019-01-15,7.77,92.23,75.17,5.54,0.71,0.0,"12,289.23","145,858.64","118,872.57","8,766.79","1,120.58",0.00
2019-01-08,7.77,92.23,75.17,14.12,1.55,0.0,"12,289.21","145,858.66","118,872.67","22,323.17","2,444.23",0.00
2019-01-01,7.77,92.23,75.17,14.12,2.1,0.0,"12,289.23","145,858.64","118,872.57","22,323.11","3,325.87",0.00
2018-12-25,7.77,92.23,75.17,16.25,2.1,0.0,"12,289.23","145,858.64","118,872.47","25,691.15","3,325.87",0.00
2018-12-18,7.77,92.23,75.17,16.87,2.1,0.0,"12,289.23","145,858.64","118,872.47","26,683.18","3,325.87",0.00
2018-12-11,7.77,92.23,75.17,16.87,2.1,0.0,"12,289.23","145,858.64","118,872.47","26,683.18","3,325.87",0.00
2018-12-04,7.77,92.23,79.69,18.34,3.78,0.0,"12,289.23","145,858.64","126,029.91","28,998.12","5,981.00",0.00
2018-11-27,0.0,100.0,83.66,18.33,3.78,0.0,0.00,"158,147.87","132,300.09","28,994.04","5,981.00",0.00
2018-11-20,0.0,100.0,77.62,18.36,3.78,0.0,0.00,"158,147.87","122,760.52","29,040.93","5,981.00",0.00
2018-11-13,0.0,100.0,53.2,18.35,2.39,0.0,0.00,"158,147.87","84,129.43","29,027.54","3,775.71",0.00
2018-11-06,0.0,100.0,51.92,18.35,2.39,0.0,0.00,"158,147.87","82,107.64","29,027.54","3,775.71",0.00
2018-10-30,15.16,84.84,47.94,19.3,2.73,0.0,"23,978.08","134,169.79","75,817.26","30,528.45","4,317.14",0.00
2018-10-23,15.16,84.84,47.94,19.3,2.73,0.0,"23,978.08","134,169.79","75,817.26","30,528.45","4,317.14",0.00
2018-10-16,15.16,84.84,47.94,22.77,2.87,0.0,"23,978.08","134,169.79","75,817.26","36,008.85","4,535.01",0.00
2018-10-09,15.16,84.84,47.94,22.77,4.87,0.0,"23,978.08","134,169.79","75,817.26","36,008.85","7,702.79",0.00
2018-10-02,12.18,87.82,47.97,22.82,4.93,0.0,"19,258.09","138,889.78","75,871.16","36,093.75","7,798.25",0.00
2018-09-25,12.18,87.82,47.97,22.82,4.94,0.0,"19,258.09","138,889.78","75,871.16","36,093.75","7,816.12",0.00
2018-09-18,12.18,87.82,47.97,22.82,4.94,0.0,"19,258.09","138,889.78","75,871.16","36,093.75","7,816.12",0.00
2018-09-11,12.18,87.82,47.97,22.82,4.94,0.0,"19,258.09","138,889.78","75,871.16","36,093.75","7,816.12",0.00
2018-09-04,13.79,86.21,47.58,22.89,2.77,0.0,"21,800.70","136,347.18","75,240.48","36,195.73","4,373.52",0.00
2018-08-28,13.79,86.21,47.58,21.05,2.77,0.0,"21,800.70","136,347.18","75,240.48","33,284.84","4,373.52",0.00
2018-08-21,13.79,86.21,47.19,20.75,2.77,0.0,"21,800.70","136,347.18","74,635.54","32,820.22","4,373.52",0.00
2018-08-14,13.84,86.16,47.19,20.75,2.77,0.0,"21,879.96","136,267.91","74,635.54","32,820.22","4,373.52",0.00
2018-08-07,13.83,86.17,45.05,20.75,2.77,0.0,"21,879.69","136,268.18","71,240.31","32,820.01","4,373.32",0.00
2018-07-31,13.84,86.16,44.8,20.75,2.77,0.0,"21,879.83","136,268.04","70,844.73","32,820.12","4,373.42",0.00
2018-07-24,13.82,86.18,44.73,20.75,2.77,0.0,"21,860.83","136,287.04","70,733.98","32,820.12","4,373.42",0.00
2018-07-17,14.85,85.15,44.14,20.75,2.77,0.0,"23,479.36","134,668.51","69,813.40","32,820.12","4,373.42",0.00
2018-07-10,14.85,85.15,44.12,20.75,2.77,0.0,"23,479.36","134,668.51","69,777.29","32,820.12","4,373.42",0.00
2018-07-03,14.85,85.15,44.17,20.75,2.77,0.0,"23,479.23","134,668.64","69,848.88","32,820.01","4,373.32",0.00
2018-06-26,14.92,85.08,44.17,20.75,2.77,0.0,"23,597.06","134,550.81","69,848.98","32,820.12","4,373.42",0.00
2018-06-19,30.37,69.63,37.07,20.75,2.77,0.0,"48,024.39","110,123.48","58,629.47","32,820.12","4,373.42",0.00
2018-06-12,30.39,69.61,37.07,20.75,2.77,0.0,"48,066.09","110,081.78","58,629.59","32,820.22","4,373.52",0.00
2018-06-05,30.39,69.61,37.08,20.75,2.78,0.0,"48,066.09","110,081.78","58,642.66","32,820.22","4,389.03",0.00
2018-05-29,30.49,69.51,37.08,20.75,2.78,0.0,"48,224.38","109,923.49","58,642.66","32,820.22","4,389.03",0.00
2018-05-22,30.49,69.51,37.08,20.75,2.78,0.0,"48,224.38","109,923.49","58,642.66","32,820.22","4,389.03",0.00
2018-05-15,30.49,69.51,37.15,20.83,2.8,0.0,"48,212.32","109,935.56","58,759.82","32,943.64","4,434.19",0.00
2018-05-08,34.19,65.81,37.1,13.99,2.8,0.0,"54,076.47","104,071.40","58,673.18","22,123.53","4,434.09",0.00
2018-05-01,34.1,65.9,37.1,13.99,2.8,0.0,"53,925.88","104,221.99","58,673.30","22,123.64","4,434.19",0.00
2018-04-24,34.1,65.9,37.1,13.77,2.55,0.0,"53,926.02","104,221.85","58,673.18","21,770.29","4,036.98",0.00
2018-04-17,34.1,65.9,37.1,13.77,2.5,0.0,"53,925.88","104,221.99","58,673.30","21,770.40","3,960.71",0.00
2018-04-10,33.85,66.15,37.1,13.77,2.5,0.0,"53,527.93","104,619.94","58,673.30","21,770.40","3,960.71",0.00
2018-04-03,22.99,77.01,40.9,12.72,2.5,0.0,"36,354.49","121,793.38","64,684.38","20,114.48","3,960.65",0.00
2018-03-27,22.99,77.01,40.77,12.56,2.5,0.0,"36,354.49","121,793.38","64,478.17","19,870.58","3,960.65",0.00
2018-03-20,11.08,88.92,47.68,22.31,0.43,0.0,"17,525.41","140,622.46","75,401.58","35,288.91",681.31,0.00
2018-03-13,11.08,88.92,47.68,22.31,0.43,0.0,"17,525.41","140,622.46","75,401.58","35,288.91",681.31,0.00
2018-03-06,8.48,91.52,47.87,22.4,0.43,0.0,"13,410.60","144,737.28","75,711.79","35,425.00",681.31,0.00
2018-02-27,8.48,91.52,47.87,19.98,0.0,0.0,"13,410.38","144,737.49","75,711.90","31,600.21",0.00,0.00
2018-02-20,8.43,91.57,47.87,19.98,0.0,0.0,"13,333.59","144,814.28","75,711.79","31,600.24",0.00,0.00
2018-02-13,18.29,81.71,45.71,19.98,0.0,0.0,"28,928.39","129,219.48","72,284.00","31,600.21",0.00,0.00
2018-02-06,18.27,81.73,45.6,6.39,0.0,0.0,"28,894.89","129,252.98","72,119.18","10,101.51",0.00,0.00
2018-01-30,26.67,73.33,43.72,4.92,0.0,0.0,"42,178.63","115,969.24","69,148.20","7,785.38",0.00,0.00
2018-01-23,45.48,54.52,12.69,0.0,0.0,0.0,"71,919.89","86,227.98","20,065.91",0.00,0.00,0.00
2018-01-16,53.21,46.79,12.69,0.0,0.0,0.0,"84,148.44","73,999.43","20,065.91",0.00,0.00,0.00
2018-01-09,53.58,46.42,12.69,0.0,0.0,0.0,"84,737.08","73,410.79","20,065.91",0.00,0.00,0.00
2018-01-02,55.7,44.3,12.69,0.0,0.0,0.0,"88,087.27","70,060.60","20,065.91",0.00,0.00,0.00
2017-12-26,55.7,44.3,12.69,0.0,0.0,0.0,"88,087.27","70,060.60","20,065.91",0.00,0.00,0.00
2017-12-19,55.7,44.3,12.69,0.0,0.0,0.0,"88,087.27","70,060.60","20,065.91",0.00,0.00,0.00
2017-12-12,55.7,44.3,9.9,0.0,0.0,0.0,"88,087.41","70,060.46","15,657.81",0.00,0.00,0.00
2017-12-05,65.38,34.62,9.9,0.0,0.0,0.0,"103,402.09","54,745.78","15,657.73",0.00,0.00,0.00
2017-11-28,69.09,30.91,8.24,0.0,0.0,0.0,"109,259.24","48,888.63","13,034.20",0.00,0.00,0.00
2017-11-21,73.98,26.02,8.24,0.0,0.0,0.0,"116,995.33","41,152.54","13,034.20",0.00,0.00,0.00
2017-11-14,73.98,26.02,8.24,0.0,0.0,0.0,"116,995.33","41,152.54","13,034.20",0.00,0.00,0.00
2017-11-07,77.9,22.1,8.24,0.0,0.0,0.0,"123,201.35","34,946.52","13,034.20",0.00,0.00,0.00
2017-10-31,77.9,22.1,8.24,0.0,0.0,0.0,"123,201.35","34,946.52","13,034.20",0.00,0.00,0.00
2017-10-24,77.9,22.1,8.24,0.0,0.0,0.0,"123,201.35","34,946.52","13,034.20",0.00,0.00,0.00
2017-10-17,77.88,22.12,8.24,0.0,0.0,0.0,"123,165.26","34,982.61","13,034.15",0.00,0.00,0.00
2017-10-10,77.88,22.12,8.24,0.0,0.0,0.0,"123,165.26","34,982.61","13,034.15",0.00,0.00,0.00
2017-10-03,77.88,22.12,8.24,0.0,0.0,0.0,"123,165.24","34,982.63","13,034.20",0.00,0.00,0.00
2017-09-26,77.88,22.12,8.24,0.0,0.0,0.0,"123,165.24","34,982.63","13,034.20",0.00,0.00,0.00
2017-09-19,77.88,22.12,8.24,0.04,0.0,0.0,"123,165.22","34,982.65","13,034.24",57.48,0.00,0.00
2017-09-12,77.88,22.12,8.24,0.04,0.0,0.0,"123,165.22","34,982.65","13,034.24",57.48,0.00,0.00
2017-09-05,77.88,22.12,8.24,0.04,0.0,0.0,"123,165.22","34,982.65","13,034.24",57.48,0.00,0.00
2017-08-29,77.88,22.12,8.24,0.04,0.0,0.0,"123,165.22","34,982.65","13,034.24",57.48,0.00,0.00
2017-08-22,77.88,22.12,8.24,0.04,0.0,0.0,"123,165.22","34,982.65","13,034.24",57.48,0.00,0.00
2017-08-15,77.86,22.14,8.24,0.04,0.0,0.0,"123,133.23","35,014.65","13,034.24",57.48,0.00,0.00
2017-08-08,77.86,22.14,8.24,1.06,0.0,0.0,"123,133.54","35,014.33","13,034.24","1,671.44",0.00,0.00
2017-08-01,77.86,22.14,8.24,1.06,0.0,0.0,"123,133.54","35,014.33","13,034.24","1,671.44",0.00,0.00
2017-07-25,75.73,24.27,8.24,1.06,0.0,0.0,"119,758.43","38,389.44","13,034.24","1,671.44",0.00,0.00
2017-07-18,75.69,24.31,8.24,1.06,0.0,0.0,"119,709.34","38,438.53","13,034.24","1,671.44",0.00,0.00
2017-07-11,76.46,23.54,8.24,1.06,0.0,0.0,"120,912.63","37,235.24","13,034.24","1,671.44",0.00,0.00
2017-07-04,76.46,23.54,8.24,1.06,0.0,0.0,"120,912.63","37,235.24","13,034.24","1,671.44",0.00,0.00
2017-06-27,76.47,23.53,8.24,1.06,0.0,0.0,"120,935.42","37,212.45","13,034.20","1,671.41",0.00,0.00
2017-06-20,76.47,23.53,8.24,1.06,0.0,0.0,"120,935.42","37,212.45","13,034.20","1,671.41",0.00,0.00
2017-06-13,76.47,23.53,8.24,1.06,0.0,0.0,"120,935.42","37,212.45","13,034.20","1,671.41",0.00,0.00
2017-06-06,76.47,23.53,8.24,1.06,0.0,0.0,"120,935.46","37,212.41","13,034.15","1,671.37",0.00,0.00
2017-05-30,76.47,23.53,8.24,1.06,0.0,0.0,"120,935.46","37,212.41","13,034.15","1,671.37",0.00,0.00
2017-05-23,76.47,23.53,8.24,1.06,0.0,0.0,"120,935.46","37,212.41","13,034.15","1,671.37",0.00,0.00
2017-05-16,76.47,23.53,8.24,1.06,0.0,0.0,"120,935.42","37,212.45","13,034.20","1,671.41",0.00,0.00
2017-05-09,76.47,23.53,8.24,1.06,0.0,0.0,"120,935.42","37,212.45","13,034.20","1,671.41",0.00,0.00
2017-05-02,76.47,23.53,8.24,1.06,0.0,0.0,"120,935.42","37,212.45","13,034.20","1,671.41",0.00,0.00
2017-04-25,76.54,23.46,8.24,1.06,0.0,0.0,"121,049.38","37,098.49","13,034.20","1,671.41",0.00,0.00
2017-04-18,76.54,23.46,8.24,1.06,0.0,0.0,"121,049.42","37,098.45","13,034.15","1,671.37",0.00,0.00
2017-04-11,76.54,23.46,8.24,1.06,0.0,0.0,"121,049.42","37,098.45","13,034.15","1,671.37",0.00,0.00
2017-04-04,76.54,23.46,8.24,1.06,0.0,0.0,"121,049.38","37,098.49","13,034.20","1,671.41",0.00,0.00
2017-03-28,76.54,23.46,8.24,1.06,0.0,0.0,"121,049.42","37,098.45","13,034.15","1,671.37",0.00,0.00
2017-03-21,76.54,23.46,8.24,1.06,0.0,0.0,"121,049.42","37,098.45","13,034.15","1,671.37",0.00,0.00
2017-03-14,76.54,23.46,8.24,1.06,0.0,0.0,"121,049.42","37,098.45","13,034.15","1,671.37",0.00,0.00
2017-03-07,76.54,23.46,8.24,1.1,0.0,0.0,"121,042.56","37,105.31","13,034.15","1,746.54",0.00,0.00
2017-02-28,74.49,25.51,8.73,4.08,0.0,0.0,"117,804.30","40,343.58","13,806.24","6,444.84",0.00,0.00
2017-02-21,61.66,38.34,16.87,4.19,0.0,0.0,"97,508.73","60,639.14","26,685.76","6,618.70",0.00,0.00
2017-02-14,43.94,56.06,24.19,7.41,0.73,0.0,"69,493.36","88,654.51","38,262.58","11,719.85","1,162.06",0.00
2017-02-07,41.46,58.54,46.99,10.93,0.73,0.0,"65,563.80","92,584.07","74,309.19","17,292.19","1,162.06",0.00
2017-01-31,38.98,61.02,50.8,20.3,1.87,0.0,"61,641.60","96,506.27","80,346.68","32,100.21","2,965.27",0.00
2017-01-24,38.73,61.27,51.4,26.46,2.16,0.0,"61,252.26","96,895.61","81,283.82","41,843.17","3,408.89",0.00
2017-01-17,35.56,64.44,57.51,44.35,24.3,2.13,"56,235.75","101,912.12","90,946.26","70,131.62","38,428.47","3,372.84"
2017-01-10,34.62,65.38,58.22,49.22,27.8,2.13,"54,744.43","103,403.44","92,077.87","77,845.86","43,963.42","3,372.84"
2017-01-03,18.07,81.93,67.61,54.02,38.17,18.31,"28,574.81","129,573.06","106,924.52","85,435.49","60,371.82","28,950.51"
2016-12-27,17.47,82.53,68.87,57.79,40.6,18.31,"27,633.19","130,514.68","108,910.25","91,398.60","64,207.39","28,950.51"
2016-12-20,15.09,84.91,70.11,59.09,41.55,19.75,"23,870.70","134,277.17","110,877.68","93,442.05","65,706.97","31,227.16"
2016-12-13,12.16,87.84,73.04,60.27,42.8,21.04,"19,235.03","138,912.84","115,511.99","95,321.81","67,689.84","33,274.48"
2016-12-06,12.03,87.97,73.04,60.27,42.8,21.04,"19,022.98","139,124.89","115,511.99","95,321.81","67,689.84","33,274.48"
2016-11-29,12.03,87.97,73.04,60.27,42.8,21.04,"19,022.98","139,124.89","115,511.99","95,321.81","67,689.84","33,274.48"
2016-11-22,12.03,87.97,73.04,60.27,42.8,21.04,"19,022.98","139,124.89","115,511.99","95,321.81","67,689.84","33,274.48"
2016-11-15,12.03,87.97,73.04,60.27,42.8,21.04,"19,022.98","139,124.89","115,511.99","95,321.81","67,689.84","33,274.48"
2016-11-08,12.03,87.97,73.04,60.27,42.8,21.04,"19,022.98","139,124.89","115,511.99","95,321.81","67,689.84","33,274.48"
2016-11-01,12.03,87.97,75.26,61.38,42.8,21.04,"19,022.98","139,124.89","119,018.17","97,070.94","67,689.84","33,274.48"
2016-10-25,8.96,91.04,81.12,61.81,42.8,21.04,"14,167.92","143,979.95","128,291.25","97,743.36","67,689.84","33,274.48"
2016-10-18,7.77,92.23,81.12,61.81,42.8,21.04,"12,285.29","145,862.58","128,291.25","97,743.36","67,689.84","33,274.48"
2016-10-11,0.0,100.0,83.59,62.27,42.8,21.04,0.00,"158,147.87","132,189.66","98,483.57","67,689.84","33,274.48"
2016-10-04,0.0,100.0,83.59,62.27,42.8,21.04,0.00,"158,147.87","132,189.66","98,483.57","67,689.84","33,274.48"
2016-09-27,0.0,100.0,83.59,62.27,42.8,21.04,0.00,"158,147.87","132,189.66","98,483.57","67,689.84","33,274.48"
2016-09-20,0.0,100.0,83.59,62.27,42.8,21.04,0.00,"158,147.87","132,189.66","98,483.57","67,689.84","33,274.48"
2016-09-13,0.0,100.0,83.59,62.27,42.8,21.04,0.00,"158,147.87","132,189.66","98,483.57","67,689.84","33,274.48"
2016-09-06,0.0,100.0,83.59,59.02,42.8,21.04,0.00,"158,147.87","132,189.66","93,331.91","67,689.84","33,274.48"
2016-08-30,0.0,100.0,83.59,59.02,42.8,21.04,0.00,"158,147.87","132,189.66","93,331.91","67,689.84","33,274.48"
2016-08-23,0.0,100.0,83.59,59.02,42.8,21.04,0.00,"158,147.87","132,189.66","93,331.91","67,689.84","33,274.48"
2016-08-16,0.0,100.0,83.59,59.02,42.8,21.04,0.00,"158,147.87","132,189.66","93,331.91","67,689.84","33,274.48"
2016-08-09,0.0,100.0,83.59,59.02,42.8,21.04,0.00,"158,147.87","132,189.66","93,331.91","67,689.84","33,274.48"
2016-08-02,0.0,100.0,83.59,59.02,42.8,21.04,0.00,"158,147.87","132,189.66","93,331.91","67,689.84","33,274.48"
2016-07-26,0.0,100.0,83.59,59.02,42.8,21.04,0.00,"158,147.87","132,189.66","93,331.91","67,689.84","33,274.48"
2016-07-19,0.0,100.0,83.59,59.02,42.8,21.04,0.00,"158,147.87","132,189.66","93,331.91","67,689.84","33,274.48"
2016-07-12,0.0,100.0,83.59,59.02,42.8,21.04,0.00,"158,147.87","132,189.66","93,331.91","67,689.84","33,274.48"
2016-07-05,0.0,100.0,83.59,59.02,42.8,21.04,0.00,"158,147.87","132,189.66","93,331.91","67,689.84","33,274.48"
2016-06-28,0.0,100.0,83.59,59.02,42.8,21.04,0.00,"158,147.87","132,189.66","93,331.91","67,689.84","33,274.48"
2016-06-21,0.0,100.0,83.59,59.02,42.8,21.04,0.00,"158,147.87","132,189.66","93,331.91","67,689.84","33,274.48"
2016-06-14,0.0,100.0,83.59,59.02,42.8,21.04,0.00,"158,147.87","132,189.66","93,331.91","67,689.84","33,274.48"
2016-06-07,4.27,95.73,83.91,59.02,42.99,21.04,"6,751.58","151,396.29","132,700.16","93,331.91","67,994.33","33,274.48"
2016-05-31,6.08,93.92,83.91,59.02,42.99,21.04,"9,621.59","148,526.28","132,700.16","93,331.91","67,994.33","33,274.48"
2016-05-24,5.5,94.5,86.39,61.0,42.99,21.04,"8,692.95","149,454.92","136,620.63","96,476.81","67,994.33","33,274.48"
2016-05-17,5.5,94.5,86.39,63.57,42.99,21.04,"8,692.95","149,454.92","136,620.63","100,528.66","67,994.33","33,274.48"
2016-05-10,4.27,95.73,89.68,72.72,47.92,21.04,"6,756.50","151,391.37","141,824.64","115,009.45","75,777.12","33,274.48"
2016-05-03,4.27,95.73,89.68,74.37,49.15,21.04,"6,756.50","151,391.37","141,824.64","117,609.45","77,732.76","33,274.48"
2016-04-26,4.24,95.76,90.09,74.37,49.15,21.04,"6,703.81","151,444.07","142,470.79","117,609.45","77,732.76","33,274.48"
2016-04-19,4.24,95.76,90.09,74.37,49.15,21.04,"6,703.81","151,444.07","142,470.79","117,609.45","77,732.76","33,274.48"
2016-04-12,3.55,96.45,90.58,74.37,55.25,31.68,"5,619.92","152,527.95","143,245.10","117,609.45","87,380.81","50,107.29"
2016-04-05,3.55,96.45,90.58,74.37,55.25,31.68,"5,619.92","152,527.95","143,245.10","117,609.45","87,380.81","50,107.29"
2016-03-29,3.55,96.45,90.58,72.82,55.25,34.74,"5,619.92","152,527.95","143,245.10","115,161.45","87,380.81","54,940.48"
2016-03-22,1.16,98.84,91.55,72.86,55.31,34.74,"1,833.88","156,313.99","144,790.74","115,224.00","87,477.14","54,940.48"
2016-03-15,0.43,99.57,93.28,73.64,55.31,34.74,686.91,"157,460.96","147,518.14","116,460.70","87,477.14","54,940.48"
2016-03-08,0.43,99.57,97.49,83.16,60.86,38.48,686.91,"157,460.96","154,186.24","131,519.00","96,241.88","60,847.96"
2016-03-01,0.43,99.57,95.13,82.66,60.86,38.48,686.91,"157,460.96","150,440.09","130,717.37","96,241.88","60,847.96"
2016-02-23,0.43,99.57,94.38,81.82,60.86,38.48,686.91,"157,460.96","149,253.60","129,396.92","96,241.88","60,847.96"
2016-02-16,0.29,99.71,94.69,81.82,61.4,38.48,465.95,"157,681.92","149,753.19","129,396.92","97,108.69","60,847.96"
2016-02-09,0.22,99.78,94.77,81.82,61.4,38.48,343.74,"157,804.13","149,878.70","129,396.92","97,108.69","60,847.96"
2016-02-02,0.0,100.0,95.26,86.13,63.9,39.41,0.00,"158,147.87","150,646.95","136,212.52","101,056.68","62,330.36"
2016-01-26,0.0,100.0,95.35,86.13,63.96,40.21,0.00,"158,147.87","150,801.38","136,213.94","101,156.17","63,598.64"
2016-01-19,0.0,100.0,97.17,86.13,68.15,42.66,0.00,"158,147.87","153,678.95","136,213.94","107,778.60","67,470.54"
2016-01-12,0.0,100.0,97.33,87.55,69.07,42.66,0.00,"158,147.87","153,928.29","138,466.06","109,228.88","67,470.54"
2016-01-05,0.0,100.0,97.33,87.55,69.07,44.84,0.00,"158,147.87","153,928.29","138,466.06","109,228.88","70,919.74"
2015-12-29,0.0,100.0,97.33,87.55,69.07,44.84,0.00,"158,147.87","153,928.29","138,466.06","109,228.88","70,919.74"
2015-12-22,0.0,100.0,97.33,90.63,69.09,44.84,0.00,"158,147.87","153,928.30","143,331.29","109,259.82","70,919.74"
2015-12-15,0.14,99.86,97.33,90.63,69.09,44.84,221.29,"157,926.58","153,931.34","143,336.81","109,259.82","70,919.74"
2015-12-08,0.14,99.86,97.33,92.26,69.09,44.84,221.29,"157,926.58","153,931.34","145,907.38","109,259.82","70,919.74"
2015-12-01,0.14,99.86,97.33,92.26,70.55,44.84,221.29,"157,926.58","153,931.34","145,907.38","111,579.71","70,919.74"
2015-11-24,0.14,99.86,97.33,92.26,70.55,44.84,221.29,"157,926.58","153,931.34","145,907.38","111,579.71","70,919.74"
2015-11-17,0.14,99.86,97.33,92.26,70.55,44.84,221.29,"157,926.58","153,931.34","145,907.38","111,579.71","70,919.74"
2015-11-10,0.14,99.86,97.33,92.27,70.55,44.84,221.29,"157,926.58","153,931.34","145,925.46","111,579.71","70,919.74"
2015-11-03,0.14,99.86,97.33,92.27,70.55,44.84,221.29,"157,926.58","153,931.34","145,925.46","111,579.71","70,919.74"
2015-10-27,0.14,99.86,97.33,92.27,71.08,46.0,221.31,"157,926.56","153,931.34","145,925.46","112,405.43","72,748.62"
2015-10-20,0.14,99.86,97.33,92.27,71.08,46.0,221.33,"157,926.55","153,931.34","145,925.46","112,405.43","72,748.62"
2015-10-13,0.14,99.86,97.33,92.36,71.08,46.0,221.34,"157,926.53","153,931.34","146,069.15","112,405.43","72,748.62"
2015-10-06,0.14,99.86,97.33,92.36,71.08,46.0,221.36,"157,926.51","153,931.34","146,069.15","112,405.43","72,748.62"
2015-09-29,0.14,99.86,97.33,92.36,71.08,46.0,221.36,"157,926.51","153,931.24","146,069.15","112,405.43","72,748.62"
2015-09-22,0.14,99.86,97.33,92.36,71.08,46.0,221.36,"157,926.51","153,931.24","146,069.15","112,405.25","72,748.62"
2015-09-15,0.14,99.86,97.33,92.36,71.08,46.0,221.36,"157,926.51","153,931.24","146,069.15","112,405.25","72,748.62"
2015-09-08,0.14,99.86,97.35,92.36,71.08,46.0,221.36,"157,926.51","153,962.48","146,069.15","112,405.25","72,748.62"
2015-09-01,0.14,99.86,97.35,92.36,71.08,46.0,221.36,"157,926.51","153,962.48","146,069.15","112,405.25","72,748.62"
2015-08-25,0.14,99.86,97.35,92.36,71.08,46.0,221.36,"157,926.51","153,962.48","146,069.15","112,405.25","72,748.62"
2015-08-18,0.14,99.86,97.35,92.36,71.08,46.0,221.36,"157,926.51","153,962.48","146,069.15","112,405.25","72,748.62"
2015-08-11,0.14,99.86,97.35,92.36,71.08,46.0,221.36,"157,926.51","153,962.48","146,069.15","112,405.25","72,748.62"
2015-08-04,0.14,99.86,97.35,94.59,71.08,46.0,221.36,"157,926.51","153,962.48","149,591.46","112,405.25","72,748.62"
2015-07-28,0.14,99.86,97.35,94.59,71.08,46.0,221.36,"157,926.51","153,962.48","149,591.46","112,405.25","72,748.62"
2015-07-21,0.14,99.86,97.35,94.59,71.08,46.0,221.36,"157,926.51","153,962.48","149,591.46","112,405.25","72,748.62"
2015-07-14,0.14,99.86,98.71,94.59,71.08,46.0,221.36,"157,926.51","156,111.18","149,591.46","112,405.25","72,748.62"
2015-07-07,0.14,99.86,98.71,94.59,71.08,46.73,221.36,"157,926.51","156,111.18","149,591.46","112,405.25","73,900.16"
2015-06-30,0.14,99.86,98.71,94.59,71.08,46.73,221.36,"157,926.51","156,111.18","149,597.94","112,405.25","73,900.16"
2015-06-23,0.14,99.86,98.71,94.59,71.08,46.73,221.36,"157,926.51","156,111.18","149,597.94","112,405.25","73,900.16"
2015-06-16,0.14,99.86,98.71,94.59,71.08,46.73,221.36,"157,926.51","156,111.18","149,597.94","112,405.25","73,900.16"
2015-06-09,0.14,99.86,98.71,93.91,71.08,46.73,221.36,"157,926.51","156,111.18","148,511.61","112,405.25","73,900.16"
2015-06-02,0.14,99.86,98.71,93.91,69.61,46.73,221.36,"157,926.51","156,111.18","148,511.61","110,085.52","73,900.16"
2015-05-26,0.14,99.86,98.71,93.91,66.6,46.73,221.36,"157,926.51","156,111.18","148,511.61","105,331.96","73,900.16"
2015-05-19,0.14,99.86,98.28,93.91,66.6,46.77,221.36,"157,926.51","155,427.34","148,511.61","105,331.96","73,970.68"
2015-05-12,0.14,99.86,98.28,93.91,66.6,46.77,221.36,"157,926.51","155,427.34","148,511.61","105,331.96","73,970.68"
2015-05-05,0.14,99.86,98.28,93.91,66.6,46.77,221.36,"157,926.51","155,427.34","148,511.61","105,331.96","73,970.68"
2015-04-28,0.14,99.86,98.11,93.44,66.6,46.77,221.36,"157,926.51","155,157.88","147,771.67","105,331.96","73,970.68"
2015-04-21,0.14,99.86,98.11,93.44,66.6,46.77,221.36,"157,926.51","155,157.88","147,771.67","105,331.96","73,970.68"
2015-04-14,0.14,99.86,98.11,93.44,66.6,44.32,221.36,"157,926.51","155,157.88","147,771.67","105,331.96","70,089.79"
2015-04-07,0.15,99.85,98.11,93.44,66.6,44.32,231.21,"157,916.66","155,157.88","147,771.67","105,331.96","70,089.79"
2015-03-31,0.15,99.85,98.11,93.44,66.6,41.41,231.21,"157,916.66","155,157.88","147,771.67","105,331.96","65,483.78"
2015-03-24,0.15,99.85,98.11,93.44,66.6,41.41,231.21,"157,916.66","155,157.88","147,771.67","105,331.96","65,483.78"
2015-03-17,0.16,99.84,98.11,93.44,67.46,39.92,246.95,"157,900.92","155,157.88","147,771.67","106,690.61","63,138.24"
2015-03-10,0.16,99.84,98.11,93.44,67.46,39.92,246.95,"157,900.92","155,157.88","147,771.67","106,690.61","63,138.24"
2015-03-03,0.16,99.84,98.1,93.44,67.46,39.92,246.95,"157,900.92","155,135.20","147,771.67","106,690.61","63,138.24"
2015-02-24,0.16,99.84,98.1,93.44,67.46,39.92,246.95,"157,900.92","155,135.20","147,771.67","106,690.61","63,138.24"
2015-02-17,0.16,99.84,98.1,93.44,67.46,41.2,246.95,"157,900.92","155,135.20","147,771.67","106,690.61","65,155.65"
2015-02-10,0.16,99.84,98.1,93.44,67.46,39.99,246.95,"157,900.92","155,135.20","147,771.67","106,690.61","63,247.11"
2015-02-03,0.16,99.84,98.13,93.57,77.46,39.99,247.35,"157,900.52","155,188.03","147,979.15","122,495.47","63,251.11"
2015-01-27,0.0,100.0,98.13,94.34,77.52,39.99,0.00,"158,147.87","155,188.03","149,189.91","122,590.71","63,251.11"
2015-01-20,0.0,100.0,98.13,94.34,77.52,39.15,0.00,"158,147.87","155,188.03","149,189.91","122,590.71","61,913.33"
2015-01-13,0.0,100.0,98.12,94.34,77.52,39.15,0.00,"158,147.87","155,173.19","149,189.91","122,590.71","61,913.33"
2015-01-06,0.0,100.0,98.12,94.34,77.94,32.21,0.00,"158,147.87","155,173.19","149,189.91","123,267.26","50,938.82"
2014-12-30,0.0,100.0,98.12,94.34,77.94,32.21,0.00,"158,147.87","155,173.19","149,189.91","123,267.26","50,938.82"
2014-12-23,0.0,100.0,98.41,94.42,77.94,32.21,0.00,"158,147.87","155,628.63","149,330.59","123,267.26","50,938.82"
2014-12-16,0.0,100.0,98.41,94.42,77.94,32.21,0.00,"158,147.87","155,628.63","149,330.59","123,267.26","50,938.82"
2014-12-09,0.0,100.0,99.72,94.42,79.69,55.08,0.00,"158,147.87","157,697.78","149,330.59","126,030.66","87,105.02"
2014-12-02,0.0,100.0,99.72,94.42,79.69,55.08,0.00,"158,147.87","157,697.78","149,330.59","126,030.66","87,105.02"
2014-11-25,0.0,100.0,99.72,94.42,79.69,55.08,0.00,"158,147.87","157,697.78","149,330.59","126,030.66","87,105.02"
2014-11-18,0.0,100.0,99.72,94.42,79.69,55.08,0.00,"158,147.87","157,697.78","149,330.59","126,030.66","87,105.02"
2014-11-11,0.0,100.0,99.72,94.42,79.69,55.08,0.00,"158,147.87","157,697.78","149,330.59","126,030.66","87,105.02"
2014-11-04,0.0,100.0,99.71,94.42,79.69,55.08,0.00,"158,147.87","157,683.00","149,330.59","126,030.66","87,105.02"
2014-10-28,0.0,100.0,100.0,95.04,81.92,58.41,0.00,"158,147.87","158,147.87","150,308.97","129,551.87","92,370.55"
2014-10-21,0.0,100.0,100.0,95.04,81.92,58.41,0.00,"158,147.87","158,147.87","150,308.97","129,551.87","92,370.55"
2014-10-14,0.0,100.0,100.0,95.04,81.92,58.41,0.00,"158,147.87","158,147.87","150,308.97","129,551.87","92,370.55"
2014-10-07,0.0,100.0,100.0,95.04,81.92,58.41,0.00,"158,147.87","158,147.87","150,308.97","129,551.87","92,370.55"
2014-09-30,0.0,100.0,100.0,95.04,81.92,58.41,0.00,"158,147.87","158,147.87","150,308.97","129,551.87","92,370.55"
2014-09-23,0.0,100.0,100.0,95.34,81.92,58.41,0.00,"158,147.87","158,147.87","150,780.73","129,551.87","92,378.74"
2014-09-16,0.0,100.0,100.0,95.42,81.92,58.41,0.00,"158,147.87","158,147.87","150,899.56","129,551.87","92,378.74"
2014-09-09,0.0,100.0,100.0,95.42,81.92,58.41,0.00,"158,147.87","158,147.87","150,899.56","129,551.87","92,378.74"
2014-09-02,0.0,100.0,100.0,95.42,81.92,58.41,0.00,"158,147.87","158,147.87","150,899.56","129,551.87","92,378.74"
2014-08-26,0.0,100.0,100.0,95.42,81.92,58.41,0.00,"158,147.87","158,147.87","150,899.56","129,551.87","92,378.74"
2014-08-19,0.0,100.0,100.0,97.59,81.92,58.41,0.00,"158,147.87","158,147.87","154,332.07","129,551.87","92,378.74"
2014-08-12,0.0,100.0,100.0,99.8,81.92,58.41,0.00,"158,147.87","158,147.87","157,828.59","129,556.17","92,378.74"
2014-08-05,0.0,100.0,100.0,99.8,81.92,58.41,0.00,"158,147.87","158,147.87","157,828.59","129,556.17","92,378.74"
2014-07-29,0.0,100.0,100.0,100.0,81.89,58.41,0.00,"158,147.87","158,147.87","158,147.87","129,513.76","92,378.74"
2014-07-22,0.0,100.0,100.0,100.0,81.89,36.49,0.00,"158,147.87","158,147.87","158,147.87","129,513.76","57,715.62"
2014-07-15,0.0,100.0,100.0,100.0,81.85,36.49,0.00,"158,147.87","158,147.87","158,147.87","129,439.82","57,715.62"
2014-07-08,0.0,100.0,100.0,100.0,78.97,36.46,0.00,"158,147.87","158,147.87","158,147.87","124,891.08","57,654.86"
2014-07-01,0.0,100.0,100.0,100.0,78.97,36.46,0.00,"158,147.87","158,147.87","158,147.87","124,891.08","57,654.86"
2014-06-24,0.0,100.0,100.0,100.0,76.69,32.98,0.00,"158,147.87","158,147.87","158,147.87","121,276.03","52,160.96"
2014-06-17,0.0,100.0,100.0,100.0,76.69,32.98,0.00,"158,147.87","158,147.87","158,147.87","121,276.03","52,160.96"
2014-06-10,0.0,100.0,100.0,100.0,76.68,24.77,0.00,"158,147.87","158,147.87","158,141.70","121,272.79","39,168.08"
2014-06-03,0.0,100.0,100.0,100.0,76.68,24.77,0.00,"158,147.87","158,147.87","158,141.70","121,272.79","39,168.08"
2014-05-27,0.0,100.0,100.0,100.0,76.68,24.77,0.00,"158,147.87","158,147.87","158,141.70","121,272.79","39,168.08"
2014-05-20,0.0,100.0,100.0,100.0,76.68,24.77,0.00,"158,147.87","158,147.87","158,141.70","121,272.79","39,168.08"
2014-05-13,0.0,100.0,100.0,100.0,76.68,24.77,0.00,"158,147.87","158,147.87","158,141.70","121,272.79","39,168.08"
2014-05-06,0.0,100.0,100.0,95.93,76.68,24.77,0.00,"158,147.87","158,147.87","151,716.80","121,272.79","39,168.08"
2014-04-29,0.0,100.0,100.0,96.01,76.68,24.77,0.00,"158,147.87","158,147.87","151,830.02","121,272.79","39,168.08"
2014-04-22,0.0,100.0,100.0,96.01,76.68,24.77,0.00,"158,147.87","158,147.87","151,830.02","121,272.79","39,168.08"
2014-04-15,0.0,100.0,99.8,95.21,68.76,23.49,0.00,"158,147.87","157,836.23","150,571.13","108,743.40","37,141.67"
2014-04-08,0.0,100.0,99.81,95.21,68.76,23.49,0.00,"158,147.87","157,841.87","150,571.13","108,743.40","37,141.67"
2014-04-01,0.0,100.0,99.81,95.21,68.76,23.49,0.00,"158,147.87","157,841.87","150,571.13","108,743.40","37,141.67"
2014-03-25,0.0,100.0,99.8,95.21,71.78,23.42,0.00,"158,147.87","157,836.69","150,572.24","113,513.37","37,034.30"
2014-03-18,0.01,99.99,99.8,93.08,71.78,22.37,8.14,"158,139.73","157,826.09","147,198.04","113,513.37","35,370.41"
2014-03-11,0.01,99.99,94.56,90.81,65.89,22.37,9.07,"158,138.81","149,538.66","143,610.62","104,209.11","35,370.41"
2014-03-04,0.0,100.0,94.56,90.82,65.89,22.37,7.07,"158,140.80","149,538.66","143,637.35","104,209.11","35,370.41"
2014-02-25,0.0,100.0,94.56,90.82,73.83,26.21,7.07,"158,140.80","149,538.66","143,637.35","116,760.28","41,452.99"
2014-02-18,0.0,100.0,94.54,90.82,68.3,14.62,7.07,"158,140.80","149,517.83","143,637.35","108,015.86","23,115.73"
2014-02-11,1.43,98.57,94.54,91.59,60.94,9.81,"2,264.59","155,883.28","149,517.83","144,855.05","96,382.95","15,514.79"
2014-02-04,1.43,98.57,94.18,89.91,67.13,9.81,"2,264.59","155,883.28","148,946.10","142,193.16","106,164.69","15,514.79"
2014-01-28,1.43,98.57,94.18,89.91,67.13,8.77,"2,264.59","155,883.28","148,946.10","142,193.16","106,164.69","13,868.14"
2014-01-21,1.43,98.57,94.18,89.91,62.71,0.0,"2,264.59","155,883.28","148,946.10","142,193.16","99,168.43",0.00
2014-01-14,1.43,98.57,94.18,89.91,62.71,0.0,"2,264.59","155,883.28","148,946.10","142,193.16","99,168.43",0.00
2014-01-07,1.43,98.57,94.25,87.53,27.59,0.0,"2,264.59","155,883.28","149,051.06","138,431.87","43,636.39",0.00
2013-12-31,2.61,97.39,94.25,87.53,27.59,0.0,"4,129.89","154,017.98","149,051.06","138,431.87","43,636.39",0.00
2013-12-24,2.61,97.39,94.25,84.88,27.59,0.0,"4,129.89","154,017.98","149,051.06","134,233.05","43,636.39",0.00
2013-12-17,2.61,97.39,94.25,82.53,27.59,0.0,"4,129.89","154,017.98","149,051.06","130,524.71","43,636.39",0.00
2013-12-10,2.61,97.39,94.15,82.53,27.59,0.0,"4,129.89","154,017.98","148,901.89","130,524.71","43,636.39",0.00
2013-12-03,2.61,97.39,94.15,82.53,27.59,0.0,"4,129.89","154,017.98","148,901.89","130,524.71","43,636.39",0.00
2013-11-26,2.61,97.39,94.15,82.53,27.59,0.0,"4,129.89","154,017.98","148,901.89","130,524.71","43,636.39",0.00
2013-11-19,2.61,97.39,96.0,84.12,27.59,0.0,"4,129.89","154,017.98","151,821.04","133,041.86","43,636.39",0.00
2013-11-12,2.61,97.39,96.0,84.12,11.36,0.0,"4,129.89","154,017.98","151,821.04","133,041.86","17,960.30",0.00
2013-11-05,2.62,97.38,95.98,84.12,11.36,0.0,"4,147.38","154,000.49","151,795.80","133,041.86","17,960.30",0.00
2013-10-29,2.66,97.34,95.98,84.12,11.36,0.0,"4,201.46","153,946.41","151,795.80","133,041.86","17,960.30",0.00
2013-10-22,2.66,97.34,95.98,84.12,11.36,0.0,"4,201.46","153,946.41","151,795.80","133,041.86","17,960.30",0.00
2013-10-15,2.65,97.35,95.95,84.12,11.36,0.0,"4,197.93","153,949.94","151,740.15","133,041.86","17,960.30",0.00
2013-10-08,2.52,97.48,95.95,84.12,11.36,0.0,"3,978.96","154,168.91","151,749.40","133,041.86","17,960.30",0.00
2013-10-01,2.63,97.37,95.95,84.12,11.36,0.0,"4,153.28","153,994.59","151,749.40","133,041.86","17,960.30",0.00
2013-09-24,2.63,97.37,96.04,89.84,11.36,0.0,"4,153.28","153,994.59","151,879.72","142,075.99","17,960.30",0.00
2013-09-17,2.63,97.37,96.04,89.84,11.36,0.0,"4,153.28","153,994.59","151,879.72","142,075.99","17,960.30",0.00
2013-09-10,0.0,100.0,97.08,92.94,11.36,0.0,0.00,"158,147.87","153,533.54","146,976.76","17,960.30",0.00
2013-09-03,0.0,100.0,97.08,92.94,11.36,0.0,0.00,"158,147.87","153,533.54","146,976.76","17,960.30",0.00
2013-08-27,0.0,100.0,98.23,93.86,11.36,0.0,0.00,"158,147.87","155,343.03","148,432.62","17,960.30",0.00
2013-08-20,0.0,100.0,98.23,93.86,11.36,0.0,0.00,"158,147.87","155,343.03","148,432.62","17,960.30",0.00
2013-08-13,0.0,100.0,98.23,93.86,11.36,0.0,0.00,"158,147.87","155,343.03","148,432.62","17,960.30",0.00
2013-08-06,0.0,100.0,98.23,93.86,0.0,0.0,0.00,"158,147.87","155,343.03","148,432.62",0.00,0.00
2013-07-30,0.0,100.0,98.23,93.86,0.0,0.0,0.00,"158,147.87","155,343.03","148,432.62",0.00,0.00
2013-07-23,0.0,100.0,98.23,93.96,0.0,0.0,0.00,"158,147.87","155,344.79","148,599.64",0.00,0.00
2013-07-16,0.0,100.0,98.23,93.96,0.0,0.0,0.00,"158,147.87","155,344.79","148,599.64",0.00,0.00
2013-07-09,0.0,100.0,98.23,92.7,0.0,0.0,0.00,"158,147.87","155,344.79","146,601.68",0.00,0.00
2013-07-02,0.0,100.0,98.23,92.7,0.0,0.0,0.00,"158,147.87","155,344.79","146,601.68",0.00,0.00
2013-06-25,0.0,100.0,98.21,92.61,0.0,0.0,0.00,"158,147.87","155,313.98","146,458.01",0.00,0.00
2013-06-18,0.0,100.0,98.21,67.07,0.0,0.0,0.00,"158,147.87","155,313.98","106,071.97",0.00,0.00
2013-06-11,0.0,100.0,98.16,53.54,0.0,0.0,0.00,"158,147.87","155,233.43","84,673.60",0.00,0.00
2013-06-04,0.0,100.0,98.16,53.64,0.0,0.0,0.00,"158,147.87","155,237.28","84,836.44",0.00,0.00
2013-05-28,0.0,100.0,98.16,46.25,0.0,0.0,0.00,"158,147.87","155,237.28","73,147.17",0.00,0.00
2013-05-21,0.0,100.0,98.16,46.25,0.0,0.0,0.00,"158,147.87","155,237.28","73,147.17",0.00,0.00
2013-05-14,0.0,100.0,98.16,46.25,0.0,0.0,0.00,"158,147.87","155,237.28","73,147.17",0.00,0.00
2013-05-07,0.0,100.0,98.16,46.25,0.0,0.0,0.00,"158,147.87","155,237.28","73,147.17",0.00,0.00
2013-04-30,0.0,100.0,64.3,32.82,0.0,0.0,0.00,"158,147.87","101,681.43","51,907.60",0.00,0.00
2013-04-23,2.84,97.16,63.42,30.0,0.0,0.0,"4,489.42","153,658.45","100,298.41","47,448.37",0.00,0.00
2013-04-16,2.84,97.16,48.39,23.22,0.0,0.0,"4,489.63","153,658.25","76,533.73","36,722.46",0.00,0.00
2013-04-09,2.84,97.16,48.39,23.22,0.0,0.0,"4,489.63","153,658.25","76,533.73","36,722.46",0.00,0.00
2013-04-02,0.0,100.0,48.38,24.22,0.0,0.0,0.00,"158,147.87","76,505.78","38,298.80",0.00,0.00
2013-03-26,0.0,100.0,48.38,24.22,0.0,0.0,0.00,"158,147.87","76,505.78","38,298.80",0.00,0.00
2013-03-19,12.85,87.15,48.38,24.19,0.0,0.0,"20,327.78","137,820.09","76,505.78","38,249.69",0.00,0.00
2013-03-12,15.63,84.37,46.23,24.19,0.0,0.0,"24,721.62","133,426.25","73,113.72","38,249.69",0.00,0.00
2013-03-05,0.03,99.97,47.37,26.96,0.0,0.0,44.24,"158,103.63","74,921.72","42,638.25",0.00,0.00
2013-02-26,0.02,99.98,47.13,26.96,0.0,0.0,37.73,"158,110.14","74,529.69","42,638.25",0.00,0.00
2013-02-19,15.45,84.55,47.18,23.72,0.0,0.0,"24,432.05","133,715.82","74,621.69","37,514.65",0.00,0.00
2013-02-12,34.53,65.47,47.18,23.72,0.0,0.0,"54,608.70","103,539.17","74,621.69","37,514.65",0.00,0.00
2013-02-05,34.2,65.8,47.18,21.57,0.0,0.0,"54,084.21","104,063.66","74,621.69","34,106.89",0.00,0.00
2013-01-29,34.2,65.8,47.18,21.57,0.0,0.0,"54,084.21","104,063.66","74,621.69","34,106.89",0.00,0.00
2013-01-22,34.2,65.8,53.58,21.57,0.0,0.0,"54,084.21","104,063.66","84,727.85","34,106.89",0.00,0.00
2013-01-15,34.2,65.8,53.58,21.57,0.0,0.0,"54,084.21","104,063.66","84,727.85","34,106.89",0.00,0.00
2013-01-08,32.42,67.58,55.02,21.37,0.0,0.0,"51,269.40","106,878.47","87,014.58","33,796.94",0.00,0.00
2013-01-01,31.75,68.25,55.32,22.5,0.0,0.0,"50,210.40","107,937.47","87,488.33","35,588.17",0.00,0.00
2012-12-25,30.94,69.06,56.19,25.22,0.05,0.0,"48,937.34","109,210.53","88,861.14","39,892.14",79.66,0.00
2012-12-18,30.94,69.06,56.19,26.15,0.05,0.0,"48,937.34","109,210.53","88,861.14","41,350.24",79.66,0.00
2012-12-11,30.94,69.06,57.94,26.59,0.05,0.0,"48,937.34","109,210.53","91,634.41","42,058.60",79.66,0.00
2012-12-04,23.15,76.85,59.36,26.59,0.05,0.0,"36,607.45","121,540.42","93,874.78","42,058.60",79.66,0.00
2012-11-27,6.77,93.23,70.47,28.16,1.14,0.0,"10,704.70","147,443.17","111,449.46","44,536.85","1,809.66",0.00
2012-11-20,4.82,95.18,67.67,21.61,1.14,0.0,"7,629.76","150,518.12","107,019.14","34,182.64","1,809.66",0.00
2012-11-13,7.19,92.81,66.37,19.1,1.14,0.0,"11,367.52","146,780.35","104,962.84","30,205.09","1,809.66",0.00
2012-11-06,7.19,92.81,67.75,19.1,1.14,0.0,"11,367.52","146,780.35","107,144.48","30,205.09","1,809.66",0.00
2012-10-30,6.73,93.27,68.48,19.1,1.14,0.0,"10,635.46","147,512.41","108,305.55","30,205.09","1,809.66",0.00
2012-10-23,6.75,93.25,68.48,19.1,1.14,0.0,"10,679.03","147,468.84","108,305.55","30,205.09","1,809.66",0.00
2012-10-16,6.64,93.36,68.48,19.1,1.14,0.0,"10,494.15","147,653.72","108,292.10","30,205.09","1,809.66",0.00
2012-10-09,6.64,93.36,69.57,21.98,1.14,0.0,"10,505.91","147,641.96","110,026.87","34,754.48","1,809.66",0.00
2012-10-02,11.94,88.06,69.41,21.98,1.14,0.0,"18,887.15","139,260.72","109,773.12","34,754.48","1,809.66",0.00
2012-09-25,11.95,88.05,69.41,22.27,1.14,0.0,"18,891.19","139,256.68","109,773.12","35,217.01","1,809.66",0.00
2012-09-18,11.95,88.05,69.09,22.27,1.14,0.0,"18,891.19","139,256.68","109,263.71","35,217.01","1,809.66",0.00
2012-09-11,11.74,88.26,69.13,22.31,1.14,0.0,"18,570.74","139,577.13","109,331.20","35,284.66","1,809.66",0.00
2012-09-04,11.74,88.26,69.28,22.76,1.14,0.0,"18,570.74","139,577.13","109,572.55","35,991.16","1,809.66",0.00
2012-08-28,11.74,88.26,69.44,23.05,1.14,0.0,"18,569.59","139,578.28","109,816.49","36,449.16","1,809.66",0.00
2012-08-21,11.3,88.7,69.2,23.3,0.29,0.0,"17,871.05","140,276.82","109,446.21","36,843.27",457.69,0.00
2012-08-14,11.3,88.7,63.84,23.31,0.29,0.0,"17,871.03","140,276.84","100,963.85","36,865.81",457.69,0.00
2012-08-07,11.64,88.36,63.8,23.31,0.29,0.0,"18,408.95","139,738.92","100,906.04","36,865.81",457.69,0.00
2012-07-31,11.64,88.36,63.8,23.6,0.29,0.0,"18,408.95","139,738.92","100,906.04","37,330.60",457.69,0.00
2012-07-24,11.64,88.36,63.8,26.85,0.29,0.0,"18,408.95","139,738.92","100,906.04","42,456.72",457.69,0.00
2012-07-17,15.88,84.12,59.74,22.92,0.0,0.0,"25,115.15","133,032.72","94,473.29","36,254.04",0.00,0.00
2012-07-10,15.88,84.12,59.74,22.92,0.0,0.0,"25,115.15","133,032.72","94,473.29","36,254.04",0.00,0.00
2012-07-03,15.88,84.12,59.77,22.92,0.0,0.0,"25,115.15","133,032.72","94,529.77","36,254.04",0.00,0.00
2012-06-26,15.89,84.11,59.51,22.76,0.0,0.0,"25,128.01","133,019.86","94,109.34","36,000.93",0.00,0.00
2012-06-19,15.89,84.11,59.51,22.6,0.0,0.0,"25,128.01","133,019.86","94,109.34","35,735.93",0.00,0.00
2012-06-12,15.89,84.11,58.89,22.6,0.0,0.0,"25,128.01","133,019.86","93,138.77","35,735.93",0.00,0.00
2012-06-05,15.89,84.11,58.89,22.6,0.0,0.0,"25,127.64","133,020.23","93,138.77","35,735.93",0.00,0.00
2012-05-29,15.89,84.11,58.89,22.6,0.0,0.0,"25,127.64","133,020.23","93,138.77","35,735.93",0.00,0.00
2012-05-22,15.89,84.11,58.89,22.6,0.0,0.0,"25,127.64","133,020.23","93,138.77","35,735.93",0.00,0.00
2012-05-15,15.89,84.11,58.89,22.6,0.0,0.0,"25,127.64","133,020.23","93,138.77","35,735.93",0.00,0.00
2012-05-08,15.89,84.11,58.89,21.14,0.0,0.0,"25,127.64","133,020.23","93,138.77","33,435.36",0.00,0.00
2012-05-01,15.84,84.16,58.97,21.14,0.0,0.0,"25,047.73","133,100.14","93,261.36","33,435.36",0.00,0.00
2012-04-24,15.84,84.16,60.23,22.87,0.0,0.0,"25,047.73","133,100.14","95,254.57","36,167.13",0.00,0.00
2012-04-17,15.84,84.16,60.23,26.35,0.0,0.0,"25,047.73","133,100.14","95,254.57","41,668.13",0.00,0.00
2012-04-10,4.89,95.11,81.47,49.0,0.0,0.0,"7,734.04","150,413.83","128,847.33","77,487.83",0.00,0.00
2012-04-03,3.54,96.46,82.01,46.25,0.0,0.0,"5,603.56","152,544.31","129,691.91","73,147.44",0.00,0.00
2012-03-27,2.22,97.78,89.61,46.25,0.0,0.0,"3,518.57","154,629.30","141,723.43","73,147.44",0.00,0.00
2012-03-20,2.22,97.78,89.61,40.14,0.0,0.0,"3,503.55","154,644.32","141,723.43","63,480.67",0.00,0.00
2012-03-13,0.11,99.89,90.14,45.73,0.0,0.0,176.11,"157,971.76","142,557.68","72,313.98",0.00,0.00
2012-03-06,4.39,95.61,75.24,16.02,0.0,0.0,"6,936.00","151,211.87","118,986.44","25,337.70",0.00,0.00
2012-02-28,4.39,95.61,72.09,16.02,0.0,0.0,"6,936.00","151,211.87","114,006.17","25,337.70",0.00,0.00
2012-02-21,4.77,95.23,67.76,5.06,0.0,0.0,"7,543.78","150,604.09","107,154.60","7,996.74",0.00,0.00
2012-02-14,10.37,89.63,59.06,0.0,0.0,0.0,"16,407.63","141,740.24","93,398.85",0.00,0.00,0.00
2012-02-07,10.37,89.63,59.06,0.0,0.0,0.0,"16,407.63","141,740.24","93,398.85",0.00,0.00,0.00
2012-01-31,11.09,88.91,57.33,0.0,0.0,0.0,"17,540.42","140,607.45","90,664.73",0.00,0.00,0.00
2012-01-24,19.12,80.88,41.23,0.0,0.0,0.0,"30,237.65","127,910.22","65,196.69",0.00,0.00,0.00
2012-01-17,18.74,81.26,46.34,3.1,0.0,0.0,"29,639.34","128,508.53","73,285.18","4,910.17",0.00,0.00
2012-01-10,19.1,80.9,46.34,3.1,0.0,0.0,"30,208.63","127,939.24","73,285.18","4,910.17",0.00,0.00
2012-01-03,29.91,70.09,46.34,0.0,0.0,0.0,"47,298.50","110,849.37","73,285.18",0.00,0.00,0.00
2011-12-27,33.91,66.09,5.41,0.0,0.0,0.0,"53,630.29","104,517.59","8,562.25",0.00,0.00,0.00
2011-12-20,71.58,28.42,0.0,0.0,0.0,0.0,"113,207.41","44,940.46",0.00,0.00,0.00,0.00
2011-12-13,74.32,25.68,0.0,0.0,0.0,0.0,"117,532.46","40,615.41",0.00,0.00,0.00,0.00
2011-12-06,82.53,17.47,0.0,0.0,0.0,0.0,"130,515.56","27,632.31",0.00,0.00,0.00,0.00
2011-11-29,88.32,11.68,0.0,0.0,0.0,0.0,"139,677.53","18,470.34",0.00,0.00,0.00,0.00
2011-11-22,88.42,11.58,0.0,0.0,0.0,0.0,"139,838.34","18,309.53",0.00,0.00,0.00,0.00
2011-11-15,88.42,11.58,0.0,0.0,0.0,0.0,"139,838.34","18,309.53",0.00,0.00,0.00,0.00
2011-11-08,88.51,11.49,0.0,0.0,0.0,0.0,"139,971.23","18,176.64",0.00,0.00,0.00,0.00
2011-11-01,89.22,10.78,0.0,0.0,0.0,0.0,"141,099.73","17,048.14",0.00,0.00,0.00,0.00
2011-10-25,89.25,10.75,0.0,0.0,0.0,0.0,"141,143.92","17,003.95",0.00,0.00,0.00,0.00
2011-10-18,89.25,10.75,0.0,0.0,0.0,0.0,"141,143.92","17,003.95",0.00,0.00,0.00,0.00
2011-10-11,89.25,10.75,0.0,0.0,0.0,0.0,"141,143.92","17,003.95",0.00,0.00,0.00,0.00
2011-10-04,89.25,10.75,0.0,0.0,0.0,0.0,"141,143.92","17,003.95",0.00,0.00,0.00,0.00
2011-09-27,89.14,10.86,0.0,0.0,0.0,0.0,"140,976.43","17,171.45",0.00,0.00,0.00,0.00
2011-09-20,89.14,10.86,0.0,0.0,0.0,0.0,"140,976.43","17,171.45",0.00,0.00,0.00,0.00
2011-09-13,87.36,12.64,0.0,0.0,0.0,0.0,"138,154.13","19,993.74",0.00,0.00,0.00,0.00
2011-09-06,87.55,12.45,0.0,0.0,0.0,0.0,"138,464.11","19,683.76",0.00,0.00,0.00,0.00
2011-08-30,92.14,7.86,0.0,0.0,0.0,0.0,"145,711.38","12,436.49",0.00,0.00,0.00,0.00
2011-08-23,92.12,7.88,0.0,0.0,0.0,0.0,"145,687.86","12,460.02",0.00,0.00,0.00,0.00
2011-08-16,92.12,7.88,0.0,0.0,0.0,0.0,"145,687.86","12,460.02",0.00,0.00,0.00,0.00
2011-08-09,85.34,14.66,0.0,0.0,0.0,0.0,"134,961.71","23,186.16",0.00,0.00,0.00,0.00
2011-08-02,85.34,14.66,0.0,0.0,0.0,0.0,"134,961.71","23,186.16",0.00,0.00,0.00,0.00
2011-07-26,85.34,14.66,0.0,0.0,0.0,0.0,"134,961.71","23,186.16",0.00,0.00,0.00,0.00
2011-07-19,85.34,14.66,0.0,0.0,0.0,0.0,"134,961.71","23,186.16",0.00,0.00,0.00,0.00
2011-07-12,87.87,12.13,0.0,0.0,0.0,0.0,"138,961.20","19,186.67",0.00,0.00,0.00,0.00
2011-07-05,87.71,12.29,0.0,0.0,0.0,0.0,"138,715.32","19,432.55",0.00,0.00,0.00,0.00
2011-06-28,87.71,12.29,0.0,0.0,0.0,0.0,"138,715.32","19,432.55",0.00,0.00,0.00,0.00
2011-06-21,99.99,0.01,0.0,0.0,0.0,0.0,"158,136.73",11.14,0.00,0.00,0.00,0.00
2011-06-14,99.99,0.01,0.0,0.0,0.0,0.0,"158,132.61",15.26,0.00,0.00,0.00,0.00
2011-06-07,99.99,0.01,0.0,0.0,0.0,0.0,"158,132.61",15.26,0.00,0.00,0.00,0.00
2011-05-31,99.99,0.01,0.0,0.0,0.0,0.0,"158,132.61",15.26,0.00,0.00,0.00,0.00
2011-05-24,99.99,0.01,0.0,0.0,0.0,0.0,"158,132.61",15.26,0.00,0.00,0.00,0.00
2011-05-17,99.99,0.01,0.0,0.0,0.0,0.0,"158,132.61",15.26,0.00,0.00,0.00,0.00
2011-05-10,99.99,0.01,0.0,0.0,0.0,0.0,"158,132.61",15.26,0.00,0.00,0.00,0.00
2011-05-03,99.99,0.01,0.0,0.0,0.0,0.0,"158,132.61",15.26,0.00,0.00,0.00,0.00
2011-04-26,99.99,0.01,0.0,0.0,0.0,0.0,"158,132.61",15.26,0.00,0.00,0.00,0.00
2011-04-19,99.99,0.01,0.0,0.0,0.0,0.0,"158,132.61",15.26,0.00,0.00,0.00,0.00
2011-04-12,99.99,0.01,0.0,0.0,0.0,0.0,"158,132.61",15.26,0.00,0.00,0.00,0.00
2011-04-05,99.99,0.01,0.0,0.0,0.0,0.0,"158,132.61",15.26,0.00,0.00,0.00,0.00
2011-03-29,99.94,0.06,0.0,0.0,0.0,0.0,"158,046.17",101.70,0.00,0.00,0.00,0.00
2011-03-22,96.87,3.13,0.0,0.0,0.0,0.0,"153,200.07","4,947.81",0.00,0.00,0.00,0.00
2011-03-15,94.2,5.8,0.0,0.0,0.0,0.0,"148,973.00","9,174.87",0.00,0.00,0.00,0.00
2011-03-08,94.2,5.8,0.0,0.0,0.0,0.0,"148,973.00","9,174.87",0.00,0.00,0.00,0.00
2011-03-01,99.94,0.06,0.0,0.0,0.0,0.0,"158,046.17",101.70,0.00,0.00,0.00,0.00
2011-02-22,99.94,0.06,0.0,0.0,0.0,0.0,"158,046.17",101.70,0.00,0.00,0.00,0.00
2011-02-15,77.34,22.66,0.0,0.0,0.0,0.0,"122,312.69","35,835.18",0.00,0.00,0.00,0.00
2011-02-08,77.34,22.66,0.0,0.0,0.0,0.0,"122,312.69","35,835.18",0.00,0.00,0.00,0.00
2011-02-01,99.94,0.06,0.0,0.0,0.0,0.0,"158,046.17",101.70,0.00,0.00,0.00,0.00
2011-01-25,99.94,0.06,0.0,0.0,0.0,0.0,"158,046.17",101.70,0.00,0.00,0.00,0.00
2011-01-18,99.94,0.06,0.0,0.0,0.0,0.0,"158,046.17",101.70,0.00,0.00,0.00,0.00
2011-01-11,99.93,0.07,0.0,0.0,0.0,0.0,"158,033.75",114.12,0.00,0.00,0.00,0.00
2011-01-04,98.62,1.38,0.0,0.0,0.0,0.0,"155,967.82","2,180.05",0.00,0.00,0.00,0.00
2010-12-28,98.62,1.38,0.0,0.0,0.0,0.0,"155,959.43","2,188.44",0.00,0.00,0.00,0.00
2010-12-21,94.86,5.14,0.0,0.0,0.0,0.0,"150,014.71","8,133.16",0.00,0.00,0.00,0.00
2010-12-14,79.56,20.44,1.25,0.0,0.0,0.0,"125,818.89","32,328.98","1,973.88",0.00,0.00,0.00
2010-12-07,78.93,21.07,2.14,0.0,0.0,0.0,"124,826.24","33,321.63","3,385.19",0.00,0.00,0.00
2010-11-30,81.67,18.33,2.41,0.0,0.0,0.0,"129,159.38","28,988.49","3,808.58",0.00,0.00,0.00
2010-11-23,90.14,9.86,2.41,0.0,0.0,0.0,"142,550.66","15,597.21","3,808.58",0.00,0.00,0.00
2010-11-16,90.14,9.86,4.62,0.19,0.0,0.0,"142,550.66","15,597.21","7,305.65",297.98,0.00,0.00
2010-11-09,90.14,9.86,4.62,0.19,0.0,0.0,"142,550.66","15,597.21","7,305.65",297.98,0.00,0.00
2010-11-02,90.14,9.86,4.62,0.19,0.0,0.0,"142,550.66","15,597.21","7,305.65",297.98,0.00,0.00
2010-10-26,90.14,9.86,4.62,0.19,0.0,0.0,"142,550.66","15,597.21","7,305.65",297.98,0.00,0.00
2010-10-19,88.08,11.92,6.07,0.24,0.0,0.0,"139,289.88","18,858.00","9,592.68",375.66,0.00,0.00
2010-10-12,88.08,11.92,6.07,0.24,0.0,0.0,"139,289.88","18,858.00","9,592.68",375.66,0.00,0.00
2010-10-05,85.44,14.56,8.08,0.24,0.0,0.0,"135,125.29","23,022.58","12,773.52",375.66,0.00,0.00
2010-09-28,85.44,14.56,8.08,0.24,0.0,0.0,"135,125.29","23,022.58","12,773.52",375.66,0.00,0.00
2010-09-21,85.44,14.56,8.08,0.24,0.0,0.0,"135,125.29","23,022.58","12,773.52",375.66,0.00,0.00
2010-09-14,85.44,14.56,8.08,0.24,0.0,0.0,"135,125.29","23,022.58","12,773.52",375.66,0.00,0.00
2010-09-07,85.44,14.56,8.08,0.24,0.0,0.0,"135,125.29","23,022.58","12,773.52",375.66,0.00,0.00
2010-08-31,85.44,14.56,8.08,0.24,0.0,0.0,"135,125.29","23,022.58","12,773.52",375.66,0.00,0.00
2010-08-24,85.44,14.56,8.08,0.24,0.0,0.0,"135,125.29","23,022.58","12,773.52",375.66,0.00,0.00
2010-08-17,85.44,14.56,8.08,0.24,0.0,0.0,"135,125.29","23,022.58","12,773.52",375.66,0.00,0.00
2010-08-10,85.44,14.56,8.08,0.24,0.0,0.0,"135,125.29","23,022.58","12,773.52",375.66,0.00,0.00
2010-08-03,85.44,14.56,8.08,0.24,0.0,0.0,"135,125.29","23,022.58","12,773.52",375.66,0.00,0.00
2010-07-27,87.46,12.54,8.08,0.24,0.0,0.0,"138,311.39","19,836.48","12,773.52",375.66,0.00,0.00
2010-07-20,87.79,12.21,8.08,0.24,0.0,0.0,"138,836.72","19,311.15","12,773.52",375.66,0.00,0.00
2010-07-13,87.97,12.03,8.08,0.24,0.0,0.0,"139,119.88","19,027.99","12,773.52",375.66,0.00,0.00
2010-07-06,87.97,12.03,8.08,0.24,0.0,0.0,"139,119.88","19,027.99","12,773.52",375.66,0.00,0.00
2010-06-29,87.97,12.03,8.08,0.24,0.0,0.0,"139,119.88","19,027.99","12,773.52",375.66,0.00,0.00
2010-06-22,87.97,12.03,8.08,0.24,0.0,0.0,"139,119.88","19,027.99","12,773.52",375.66,0.00,0.00
2010-06-15,87.97,12.03,8.08,0.24,0.0,0.0,"139,119.88","19,027.99","12,773.52",375.66,0.00,0.00
2010-06-08,87.97,12.03,8.08,5.97,0.0,0.0,"139,119.88","19,027.99","12,773.52","9,445.88",0.00,0.00
2010-06-01,87.02,12.98,8.08,5.97,0.0,0.0,"137,619.66","20,528.21","12,773.52","9,445.88",0.00,0.00
2010-05-25,87.02,12.98,8.08,5.97,0.0,0.0,"137,619.66","20,528.21","12,773.52","9,445.88",0.00,0.00
2010-05-18,81.3,18.7,8.58,6.96,0.0,0.0,"128,576.83","29,571.04","13,564.91","11,009.32",0.00,0.00
2010-05-11,72.69,27.31,9.13,7.09,0.0,0.0,"114,954.11","43,193.76","14,433.11","11,215.39",0.00,0.00
2010-05-04,72.82,27.18,9.89,7.1,0.0,0.0,"115,159.50","42,988.37","15,640.08","11,226.47",0.00,0.00
2010-04-27,72.82,27.18,9.89,7.1,0.0,0.0,"115,159.50","42,988.37","15,640.08","11,226.47",0.00,0.00
2010-04-20,67.61,32.39,9.89,7.1,0.0,0.0,"106,924.35","51,223.52","15,640.08","11,226.47",0.00,0.00
2010-04-13,67.76,32.24,9.89,7.1,0.0,0.0,"107,159.16","50,988.71","15,640.08","11,226.47",0.00,0.00
2010-04-06,63.21,36.79,9.89,7.1,0.0,0.0,"99,957.41","58,190.46","15,640.08","11,226.47",0.00,0.00
2010-03-30,63.24,36.76,9.91,7.1,0.0,0.0,"100,015.50","58,132.37","15,677.32","11,226.47",0.00,0.00
2010-03-23,64.29,35.71,9.91,7.1,0.0,0.0,"101,671.95","56,475.92","15,677.32","11,226.47",0.00,0.00
2010-03-16,66.08,33.92,10.14,6.75,0.0,0.0,"104,497.73","53,650.14","16,031.49","10,671.44",0.00,0.00
2010-03-09,66.67,33.33,10.91,5.88,0.0,0.0,"105,438.49","52,709.38","17,251.81","9,299.42",0.00,0.00
2010-03-02,64.59,35.41,10.72,4.28,0.0,0.0,"102,147.55","56,000.32","16,945.96","6,773.13",0.00,0.00
2010-02-23,64.59,35.41,10.72,4.28,0.0,0.0,"102,147.55","56,000.32","16,945.96","6,773.13",0.00,0.00
2010-02-16,64.05,35.95,10.98,4.28,0.0,0.0,"101,294.91","56,852.96","17,367.65","6,773.13",0.00,0.00
2010-02-09,44.32,55.68,10.98,2.19,0.0,0.0,"70,097.43","88,050.44","17,367.65","3,456.75",0.00,0.00
2010-02-02,43.19,56.81,18.75,2.19,0.0,0.0,"68,299.40","89,848.47","29,653.14","3,456.75",0.00,0.00
2010-01-26,42.61,57.39,19.41,2.19,0.0,0.0,"67,394.34","90,753.53","30,689.86","3,456.75",0.00,0.00
2010-01-19,7.94,92.06,63.2,13.98,0.0,0.0,"12,564.32","145,583.55","99,951.12","22,104.43",0.00,0.00
2010-01-12,6.56,93.44,72.94,21.22,0.0,0.0,"10,380.50","147,767.37","115,348.61","33,555.88",0.00,0.00
2010-01-05,6.56,93.44,72.75,9.04,0.0,0.0,"10,380.50","147,767.37","115,054.89","14,297.14",0.00,0.00
2009-12-29,6.56,93.44,72.16,9.24,0.0,0.0,"10,380.50","147,767.37","114,122.22","14,618.26",0.00,0.00
