STATION_ID,DURATION,SENSOR_NUMBER,SENSOR_TYPE,DATE TIME,OBS DATE,VALUE,DATA_FLAG,UNITS
SWD,D,304,SNWCAVG,20220101 0000,20220101 0000,15.4, ,INCHES
SWD,D,304,SNWCAVG,20220102 0000,20220102 0000,15.5, ,INCHES
SWD,D,304,SNWCAVG,20220103 0000,20220103 0000,15.5, ,INCHES
SWD,D,304,SNWCAVG,20220104 0000,20220104 0000,15.7, ,INCHES
SWD,D,304,SNWCAVG,20220105 0000,20220105 0000,15.8, ,INCHES
SWD,D,304,SNWCAVG,20220106 0000,20220106 0000,15.8, ,INCHES
SWD,D,304,SNWCAVG,20220107 0000,20220107 0000,15.8, ,INCHES
SWD,D,304,SNWCAVG,20220108 0000,20220108 0000,15.9, ,INCHES
SWD,D,304,SNWCAVG,20220109 0000,20220109 0000,16.0, ,INCHES
SWD,D,304,SNWCAVG,20220110 0000,20220110 0000,16.0, ,INCHES
SWD,D,304,SNWCAVG,20220111 0000,20220111 0000,16.0, ,INCHES
SWD,D,304,SNWCAVG,20220112 0000,20220112 0000,16.1, ,INCHES
SWD,D,304,SNWCAVG,20220113 0000,20220113 0000,16.1, ,INCHES
SWD,D,304,SNWCAVG,20220114 0000,20220114 0000,16.2, ,INCHES
SWD,D,304,SNWCAVG,20220115 0000,20220115 0000,16.1, ,INCHES
SWD,D,304,SNWCAVG,20220116 0000,20220116 0000,16.1, ,INCHES
SWD,D,304,SNWCAVG,20220117 0000,20220117 0000,16.1, ,INCHES
SWD,D,304,SNWCAVG,20220118 0000,20220118 0000,16.1, ,INCHES
SWD,D,304,SNWCAVG,20220119 0000,20220119 0000,16.1, ,INCHES
SWD,D,304,SNWCAVG,20220120 0000,20220120 0000,16.1, ,INCHES
SWD,D,304,SNWCAVG,20220121 0000,20220121 0000,16.1, ,INCHES
SWD,D,304,SNWCAVG,20220122 0000,20220122 0000,16.1, ,INCHES
SWD,D,304,SNWCAVG,20220123 0000,20220123 0000,16.0, ,INCHES
SWD,D,304,SNWCAVG,20220124 0000,20220124 0000,16.0, ,INCHES
SWD,D,304,SNWCAVG,20220125 0000,20220125 0000,16.0, ,INCHES
SWD,D,304,SNWCAVG,20220126 0000,20220126 0000,16.0, ,INCHES
SWD,D,304,SNWCAVG,20220127 0000,20220127 0000,16.0, ,INCHES
SWD,D,304,SNWCAVG,20220128 0000,20220128 0000,16.0, ,INCHES
SWD,D,304,SNWCAVG,20220129 0000,20220129 0000,16.0, ,INCHES
SWD,D,304,SNWCAVG,20220130 0000,20220130 0000,16.0, ,INCHES
SWD,D,304,SNWCAVG,20220131 0000,20220131 0000,15.9, ,INCHES
SWD,D,304,SNWCAVG,20220201 0000,20220201 0000,16.2, ,INCHES
SWD,D,304,SNWCAVG,20220202 0000,20220202 0000,16.1, ,INCHES
SWD,D,304,SNWCAVG,20220203 0000,20220203 0000,16.1, ,INCHES
SWD,D,304,SNWCAVG,20220204 0000,20220204 0000,16.1, ,INCHES
SWD,D,304,SNWCAVG,20220205 0000,20220205 0000,16.1, ,INCHES
SWD,D,304,SNWCAVG,20220206 0000,20220206 0000,16.1, ,INCHES
SWD,D,304,SNWCAVG,20220207 0000,20220207 0000,16.0, ,INCHES
SWD,D,304,SNWCAVG,20220208 0000,20220208 0000,16.0, ,INCHES
SWD,D,304,SNWCAVG,20220209 0000,20220209 0000,15.9, ,INCHES
SWD,D,304,SNWCAVG,20220210 0000,20220210 0000,15.9, ,INCHES
SWD,D,304,SNWCAVG,20220211 0000,20220211 0000,15.8, ,INCHES
SWD,D,304,SNWCAVG,20220212 0000,20220212 0000,15.7, ,INCHES
SWD,D,304,SNWCAVG,20220213 0000,20220213 0000,15.6, ,INCHES
SWD,D,304,SNWCAVG,20220214 0000,20220214 0000,15.5, ,INCHES
SWD,D,304,SNWCAVG,20220215 0000,20220215 0000,15.4, ,INCHES
SWD,D,304,SNWCAVG,20220216 0000,20220216 0000,15.4, ,INCHES
SWD,D,304,SNWCAVG,20220217 0000,20220217 0000,15.4, ,INCHES
SWD,D,304,SNWCAVG,20220218 0000,20220218 0000,15.4, ,INCHES
SWD,D,304,SNWCAVG,20220219 0000,20220219 0000,15.3, ,INCHES
SWD,D,304,SNWCAVG,20220220 0000,20220220 0000,15.3, ,INCHES
SWD,D,304,SNWCAVG,20220221 0000,20220221 0000,15.2, ,INCHES
SWD,D,304,SNWCAVG,20220222 0000,20220222 0000,15.3, ,INCHES
SWD,D,304,SNWCAVG,20220223 0000,20220223 0000,15.6, ,INCHES
SWD,D,304,SNWCAVG,20220224 0000,20220224 0000,15.6, ,INCHES
SWD,D,304,SNWCAVG,20220225 0000,20220225 0000,15.7, ,INCHES
SWD,D,304,SNWCAVG,20220226 0000,20220226 0000,15.7, ,INCHES
SWD,D,304,SNWCAVG,20220227 0000,20220227 0000,15.8, ,INCHES
SWD,D,304,SNWCAVG,20220228 0000,20220228 0000,15.8, ,INCHES
SWD,D,304,SNWCAVG,20220301 0000,20220301 0000,15.8, ,INCHES
SWD,D,304,SNWCAVG,20220302 0000,20220302 0000,15.8, ,INCHES
SWD,D,304,SNWCAVG,20220303 0000,20220303 0000,15.8, ,INCHES
SWD,D,304,SNWCAVG,20220304 0000,20220304 0000,15.7, ,INCHES
SWD,D,304,SNWCAVG,20220305 0000,20220305 0000,15.8, ,INCHES
SWD,D,304,SNWCAVG,20220306 0000,20220306 0000,15.9, ,INCHES
SWD,D,304,SNWCAVG,20220307 0000,20220307 0000,16.0, ,INCHES
SWD,D,304,SNWCAVG,20220308 0000,20220308 0000,16.1, ,INCHES
SWD,D,304,SNWCAVG,20220309 0000,20220309 0000,16.0, ,INCHES
SWD,D,304,SNWCAVG,20220310 0000,20220310 0000,16.0, ,INCHES
SWD,D,304,SNWCAVG,20220311 0000,20220311 0000,16.0, ,INCHES
SWD,D,304,SNWCAVG,20220312 0000,20220312 0000,15.9, ,INCHES
SWD,D,304,SNWCAVG,20220313 0000,20220313 0000,15.8, ,INCHES
SWD,D,304,SNWCAVG,20220314 0000,20220314 0000,15.8, ,INCHES
SWD,D,304,SNWCAVG,20220315 0000,20220315 0000,15.5, ,INCHES
SWD,D,304,SNWCAVG,20220316 0000,20220316 0000,15.4, ,INCHES
SWD,D,304,SNWCAVG,20220317 0000,20220317 0000,15.3, ,INCHES
SWD,D,304,SNWCAVG,20220318 0000,20220318 0000,15.1, ,INCHES
SWD,D,304,SNWCAVG,20220319 0000,20220319 0000,14.8, ,INCHES
SWD,D,304,SNWCAVG,20220320 0000,20220320 0000,14.9, ,INCHES
SWD,D,304,SNWCAVG,20220321 0000,20220321 0000,14.9, ,INCHES
SWD,D,304,SNWCAVG,20220322 0000,20220322 0000,14.5, ,INCHES
SWD,D,304,SNWCAVG,20220323 0000,20220323 0000,14.0, ,INCHES
SWD,D,304,SNWCAVG,20220324 0000,20220324 0000,13.2, ,INCHES
SWD,D,304,SNWCAVG,20220325 0000,20220325 0000,12.6, ,INCHES
SWD,D,304,SNWCAVG,20220326 0000,20220326 0000,11.9, ,INCHES
SWD,D,304,SNWCAVG,20220327 0000,20220327 0000,11.2, ,INCHES
SWD,D,304,SNWCAVG,20220328 0000,20220328 0000,10.7, ,INCHES
SWD,D,304,SNWCAVG,20220329 0000,20220329 0000,10.7, ,INCHES
SWD,D,304,SNWCAVG,20220330 0000,20220330 0000,10.7, ,INCHES
SWD,D,304,SNWCAVG,20220331 0000,20220331 0000,10.5, ,INCHES
SWD,D,304,SNWCAVG,20220401 0000,20220401 0000,10.3, ,INCHES
SWD,D,304,SNWCAVG,20220402 0000,20220402 0000,9.7, ,INCHES
SWD,D,304,SNWCAVG,20220403 0000,20220403 0000,9.3, ,INCHES
SWD,D,304,SNWCAVG,20220404 0000,20220404 0000,8.9, ,INCHES
SWD,D,304,SNWCAVG,20220405 0000,20220405 0000,8.5, ,INCHES
SWD,D,304,SNWCAVG,20220406 0000,20220406 0000,8.1, ,INCHES
SWD,D,304,SNWCAVG,20220407 0000,20220407 0000,7.6, ,INCHES
SWD,D,304,SNWCAVG,20220408 0000,20220408 0000,7.2, ,INCHES
SWD,D,304,SNWCAVG,20220409 0000,20220409 0000,6.7, ,INCHES
SWD,D,304,SNWCAVG,20220410 0000,20220410 0000,6.3, ,INCHES
SWD,D,304,SNWCAVG,20220411 0000,20220411 0000,6.0, ,INCHES
SWD,D,304,SNWCAVG,20220412 0000,20220412 0000,6.5, ,INCHES
SWD,D,304,SNWCAVG,20220413 0000,20220413 0000,6.5, ,INCHES
SWD,D,304,SNWCAVG,20220414 0000,20220414 0000,6.6, ,INCHES
SWD,D,304,SNWCAVG,20220415 0000,20220415 0000,7.1, ,INCHES
SWD,D,304,SNWCAVG,20220416 0000,20220416 0000,7.2, ,INCHES
SWD,D,304,SNWCAVG,20220417 0000,20220417 0000,7.7, ,INCHES
SWD,D,304,SNWCAVG,20220418 0000,20220418 0000,7.6, ,INCHES
SWD,D,304,SNWCAVG,20220419 0000,20220419 0000,7.5, ,INCHES
SWD,D,304,SNWCAVG,20220420 0000,20220420 0000,7.6, ,INCHES
SWD,D,304,SNWCAVG,20220421 0000,20220421 0000,7.8, ,INCHES
SWD,D,304,SNWCAVG,20220422 0000,20220422 0000,8.8, ,INCHES
SWD,D,304,SNWCAVG,20220423 0000,20220423 0000,8.9, ,INCHES
SWD,D,304,SNWCAVG,20220424 0000,20220424 0000,8.7, ,INCHES
SWD,D,304,SNWCAVG,20220425 0000,20220425 0000,8.5, ,INCHES
SWD,D,304,SNWCAVG,20220426 0000,20220426 0000,8.0, ,INCHES
SWD,D,304,SNWCAVG,20220427 0000,20220427 0000,7.6, ,INCHES
SWD,D,304,SNWCAVG,20220428 0000,20220428 0000,7.6, ,INCHES
SWD,D,304,SNWCAVG,20220429 0000,20220429 0000,7.5, ,INCHES
SWD,D,304,SNWCAVG,20220430 0000,20220430 0000,7.2, ,INCHES
SWD,D,304,SNWCAVG,20220501 0000,20220501 0000,6.4, ,INCHES
SWD,D,304,SNWCAVG,20220502 0000,20220502 0000,6.1, ,INCHES
SWD,D,304,SNWCAVG,20220503 0000,20220503 0000,5.7, ,INCHES
SWD,D,304,SNWCAVG,20220504 0000,20220504 0000,5.3, ,INCHES
SWD,D,304,SNWCAVG,20220505 0000,20220505 0000,4.9, ,INCHES
SWD,D,304,SNWCAVG,20220506 0000,20220506 0000,4.5, ,INCHES
SWD,D,304,SNWCAVG,20220507 0000,20220507 0000,4.0, ,INCHES
SWD,D,304,SNWCAVG,20220508 0000,20220508 0000,3.7, ,INCHES
SWD,D,304,SNWCAVG,20220509 0000,20220509 0000,3.7, ,INCHES
SWD,D,304,SNWCAVG,20220510 0000,20220510 0000,3.9, ,INCHES
SWD,D,304,SNWCAVG,20220511 0000,20220511 0000,4.0, ,INCHES
SWD,D,304,SNWCAVG,20220512 0000,20220512 0000,4.0, ,INCHES
SWD,D,304,SNWCAVG,20220513 0000,20220513 0000,3.8, ,INCHES
SWD,D,304,SNWCAVG,20220514 0000,20220514 0000,3.6, ,INCHES
SWD,D,304,SNWCAVG,20220515 0000,20220515 0000,3.2, ,INCHES
SWD,D,304,SNWCAVG,20220516 0000,20220516 0000,2.8, ,INCHES
SWD,D,304,SNWCAVG,20220517 0000,20220517 0000,2.5, ,INCHES
SWD,D,304,SNWCAVG,20220518 0000,20220518 0000,2.2, ,INCHES
SWD,D,304,SNWCAVG,20220519 0000,20220519 0000,2.0, ,INCHES
SWD,D,304,SNWCAVG,20220520 0000,20220520 0000,1.8, ,INCHES
SWD,D,304,SNWCAVG,20220521 0000,20220521 0000,1.7, ,INCHES
SWD,D,304,SNWCAVG,20220522 0000,20220522 0000,1.5, ,INCHES
SWD,D,304,SNWCAVG,20220523 0000,20220523 0000,1.4, ,INCHES
SWD,D,304,SNWCAVG,20220524 0000,20220524 0000,1.2, ,INCHES
SWD,D,304,SNWCAVG,20220525 0000,20220525 0000,1.1, ,INCHES
SWD,D,304,SNWCAVG,20220526 0000,20220526 0000,1.0, ,INCHES
SWD,D,304,SNWCAVG,20220527 0000,20220527 0000,0.8, ,INCHES
SWD,D,304,SNWCAVG,20220528 0000,20220528 0000,0.7, ,INCHES
SWD,D,304,SNWCAVG,20220529 0000,20220529 0000,0.7, ,INCHES
SWD,D,304,SNWCAVG,20220530 0000,20220530 0000,0.6, ,INCHES
SWD,D,304,SNWCAVG,20220531 0000,20220531 0000,0.6, ,INCHES
SWD,D,304,SNWCAVG,20220601 0000,20220601 0000,0.5, ,INCHES
SWD,D,304,SNWCAVG,20220602 0000,20220602 0000,0.4, ,INCHES
SWD,D,304,SNWCAVG,20220603 0000,20220603 0000,0.3, ,INCHES
SWD,D,304,SNWCAVG,20220604 0000,20220604 0000,0.2, ,INCHES
SWD,D,304,SNWCAVG,20220605 0000,20220605 0000,0.2, ,INCHES
SWD,D,304,SNWCAVG,20220606 0000,20220606 0000,0.2, ,INCHES
SWD,D,304,SNWCAVG,20220607 0000,20220607 0000,0.2, ,INCHES
SWD,D,304,SNWCAVG,20220608 0000,20220608 0000,0.2, ,INCHES
SWD,D,304,SNWCAVG,20220609 0000,20220609 0000,0.2, ,INCHES
SWD,D,304,SNWCAVG,20220610 0000,20220610 0000,0.2, ,INCHES
SWD,D,304,SNWCAVG,20220611 0000,20220611 0000,0.2, ,INCHES
SWD,D,304,SNWCAVG,20220612 0000,20220612 0000,0.1, ,INCHES
SWD,D,304,SNWCAVG,20220613 0000,20220613 0000,0.1, ,INCHES
SWD,D,304,SNWCAVG,20220614 0000,20220614 0000,---, ,INCHES
SWD,D,304,SNWCAVG,20220615 0000,20220615 0000,---, ,INCHES
SWD,D,304,SNWCAVG,20220616 0000,20220616 0000,---, ,INCHES
SWD,D,304,SNWCAVG,20220617 0000,20220617 0000,---, ,INCHES
SWD,D,304,SNWCAVG,20220618 0000,20220618 0000,---, ,INCHES
SWD,D,304,SNWCAVG,20220619 0000,20220619 0000,---, ,INCHES
SWD,D,304,SNWCAVG,20220620 0000,20220620 0000,---, ,INCHES
SWD,D,304,SNWCAVG,20220621 0000,20220621 0000,---, ,INCHES
SWD,D,304,SNWCAVG,20220622 0000,20220622 0000,---, ,INCHES
SWD,D,304,SNWCAVG,20220623 0000,20220623 0000,---, ,INCHES
SWD,D,304,SNWCAVG,20220624 0000,20220624 0000,---, ,INCHES
SWD,D,304,SNWCAVG,20220625 0000,20220625 0000,---, ,INCHES
SWD,D,304,SNWCAVG,20220626 0000,20220626 0000,---, ,INCHES
SWD,D,304,SNWCAVG,20220627 0000,20220627 0000,---, ,INCHES
SWD,D,304,SNWCAVG,20220628 0000,20220628 0000,---, ,INCHES
SWD,D,304,SNWCAVG,20220629 0000,20220629 0000,---, ,INCHES
SWD,D,304,SNWCAVG,20220630 0000,20220630 0000,---, ,INCHES
SWD,D,304,SNWCAVG,20220701 0000,20220701 0000,---, ,INCHES
SWD,D,304,SNWCAVG,20220702 0000,20220702 0000,---, ,INCHES
SWD,D,304,SNWCAVG,20220703 0000,20220703 0000,---, ,INCHES
SWD,D,304,SNWCAVG,20220704 0000,20220704 0000,---, ,INCHES
SWD,D,304,SNWCAVG,20220705 0000,20220705 0000,---, ,INCHES
SWD,D,304,SNWCAVG,20220706 0000,20220706 0000,---, ,INCHES
SWD,D,304,SNWCAVG,20220707 0000,20220707 0000,---, ,INCHES
SWD,D,304,SNWCAVG,20220708 0000,20220708 0000,---, ,INCHES
SWD,D,304,SNWCAVG,20220709 0000,20220709 0000,---, ,INCHES
SWD,D,304,SNWCAVG,20220710 0000,20220710 0000,---, ,INCHES
SWD,D,304,SNWCAVG,20220711 0000,20220711 0000,---, ,INCHES
SWD,D,304,SNWCAVG,20220712 0000,20220712 0000,---, ,INCHES
SWD,D,304,SNWCAVG,20220713 0000,20220713 0000,---, ,INCHES
SWD,D,304,SNWCAVG,20220714 0000,20220714 0000,---, ,INCHES
SWD,D,304,SNWCAVG,20220715 0000,20220715 0000,---, ,INCHES
SWD,D,304,SNWCAVG,20220716 0000,20220716 0000,---, ,INCHES
SWD,D,304,SNWCAVG,20220717 0000,20220717 0000,---, ,INCHES
SWD,D,304,SNWCAVG,20220718 0000,20220718 0000,---, ,INCHES
SWD,D,304,SNWCAVG,20220719 0000,20220719 0000,---, ,INCHES
SWD,D,304,SNWCAVG,20220720 0000,20220720 0000,---, ,INCHES
SWD,D,304,SNWCAVG,20220721 0000,20220721 0000,---, ,INCHES
SWD,D,304,SNWCAVG,20220722 0000,20220722 0000,---, ,INCHES
SWD,D,304,SNWCAVG,20220723 0000,20220723 0000,---, ,INCHES
SWD,D,304,SNWCAVG,20220724 0000,20220724 0000,---, ,INCHES
SWD,D,304,SNWCAVG,20220725 0000,20220725 0000,---, ,INCHES
SWD,D,304,SNWCAVG,20220726 0000,20220726 0000,---, ,INCHES
SWD,D,304,SNWCAVG,20220727 0000,20220727 0000,---, ,INCHES
SWD,D,304,SNWCAVG,20220728 0000,20220728 0000,---, ,INCHES
SWD,D,304,SNWCAVG,20220729 0000,20220729 0000,---, ,INCHES
SWD,D,304,SNWCAVG,20220730 0000,20220730 0000,---, ,INCHES
SWD,D,304,SNWCAVG,20220731 0000,20220731 0000,---, ,INCHES
SWD,D,304,SNWCAVG,20220801 0000,20220801 0000,---, ,INCHES
SWD,D,304,SNWCAVG,20220802 0000,20220802 0000,---, ,INCHES
SWD,D,304,SNWCAVG,20220803 0000,20220803 0000,---, ,INCHES
SWD,D,304,SNWCAVG,20220804 0000,20220804 0000,---, ,INCHES
SWD,D,304,SNWCAVG,20220805 0000,20220805 0000,---, ,INCHES
SWD,D,304,SNWCAVG,20220806 0000,20220806 0000,---, ,INCHES
SWD,D,304,SNWCAVG,20220807 0000,20220807 0000,---, ,INCHES
SWD,D,304,SNWCAVG,20220808 0000,20220808 0000,---, ,INCHES
SWD,D,304,SNWCAVG,20220809 0000,20220809 0000,---, ,INCHES
SWD,D,304,SNWCAVG,20220810 0000,20220810 0000,---, ,INCHES
SWD,D,304,SNWCAVG,20220811 0000,20220811 0000,---, ,INCHES
SWD,D,304,SNWCAVG,20220812 0000,20220812 0000,---, ,INCHES
SWD,D,304,SNWCAVG,20220813 0000,20220813 0000,---, ,INCHES
SWD,D,304,SNWCAVG,20220814 0000,20220814 0000,---, ,INCHES
SWD,D,304,SNWCAVG,20220815 0000,20220815 0000,---, ,INCHES
SWD,D,304,SNWCAVG,20220816 0000,20220816 0000,---, ,INCHES
SWD,D,304,SNWCAVG,20220817 0000,20220817 0000,---, ,INCHES
SWD,D,304,SNWCAVG,20220818 0000,20220818 0000,---, ,INCHES
SWD,D,304,SNWCAVG,20220819 0000,20220819 0000,---, ,INCHES
SWD,D,304,SNWCAVG,20220820 0000,20220820 0000,---, ,INCHES
SWD,D,304,SNWCAVG,20220821 0000,20220821 0000,---, ,INCHES
SWD,D,304,SNWCAVG,20220822 0000,20220822 0000,---, ,INCHES
SWD,D,304,SNWCAVG,20220823 0000,20220823 0000,---, ,INCHES
SWD,D,304,SNWCAVG,20220824 0000,20220824 0000,---, ,INCHES
SWD,D,304,SNWCAVG,20220825 0000,20220825 0000,---, ,INCHES
SWD,D,304,SNWCAVG,20220826 0000,20220826 0000,---, ,INCHES
SWD,D,304,SNWCAVG,20220827 0000,20220827 0000,---, ,INCHES
SWD,D,304,SNWCAVG,20220828 0000,20220828 0000,---, ,INCHES
SWD,D,304,SNWCAVG,20220829 0000,20220829 0000,---, ,INCHES
SWD,D,304,SNWCAVG,20220830 0000,20220830 0000,---, ,INCHES
SWD,D,304,SNWCAVG,20220831 0000,20220831 0000,---, ,INCHES
SWD,D,304,SNWCAVG,20220901 0000,20220901 0000,---, ,INCHES
SWD,D,304,SNWCAVG,20220902 0000,20220902 0000,---, ,INCHES
SWD,D,304,SNWCAVG,20220903 0000,20220903 0000,---, ,INCHES
SWD,D,304,SNWCAVG,20220904 0000,20220904 0000,---, ,INCHES
SWD,D,304,SNWCAVG,20220905 0000,20220905 0000,---, ,INCHES
SWD,D,304,SNWCAVG,20220906 0000,20220906 0000,---, ,INCHES
SWD,D,304,SNWCAVG,20220907 0000,20220907 0000,---, ,INCHES
SWD,D,304,SNWCAVG,20220908 0000,20220908 0000,---, ,INCHES
SWD,D,304,SNWCAVG,20220909 0000,20220909 0000,---, ,INCHES
SWD,D,304,SNWCAVG,20220910 0000,20220910 0000,---, ,INCHES
SWD,D,304,SNWCAVG,20220911 0000,20220911 0000,---, ,INCHES
SWD,D,304,SNWCAVG,20220912 0000,20220912 0000,---, ,INCHES
SWD,D,304,SNWCAVG,20220913 0000,20220913 0000,---, ,INCHES
SWD,D,304,SNWCAVG,20220914 0000,20220914 0000,---, ,INCHES
SWD,D,304,SNWCAVG,20220915 0000,20220915 0000,---, ,INCHES
SWD,D,304,SNWCAVG,20220916 0000,20220916 0000,---, ,INCHES
SWD,D,304,SNWCAVG,20220917 0000,20220917 0000,---, ,INCHES
SWD,D,304,SNWCAVG,20220918 0000,20220918 0000,---, ,INCHES
SWD,D,304,SNWCAVG,20220919 0000,20220919 0000,---, ,INCHES
SWD,D,304,SNWCAVG,20220920 0000,20220920 0000,---, ,INCHES
SWD,D,304,SNWCAVG,20220921 0000,20220921 0000,---, ,INCHES
SWD,D,304,SNWCAVG,20220922 0000,20220922 0000,---, ,INCHES
SWD,D,304,SNWCAVG,20220923 0000,20220923 0000,---, ,INCHES
SWD,D,304,SNWCAVG,20220924 0000,20220924 0000,---, ,INCHES
SWD,D,304,SNWCAVG,20220925 0000,20220925 0000,---, ,INCHES
SWD,D,304,SNWCAVG,20220926 0000,20220926 0000,---, ,INCHES
SWD,D,304,SNWCAVG,20220927 0000,20220927 0000,---, ,INCHES
SWD,D,304,SNWCAVG,20220928 0000,20220928 0000,---, ,INCHES
SWD,D,304,SNWCAVG,20220929 0000,20220929 0000,---, ,INCHES
SWD,D,304,SNWCAVG,20220930 0000,20220930 0000,---, ,INCHES
SWD,D,304,SNWCAVG,20221001 0000,20221001 0000,---, ,INCHES
SWD,D,304,SNWCAVG,20221002 0000,20221002 0000,---, ,INCHES
SWD,D,304,SNWCAVG,20221003 0000,20221003 0000,---, ,INCHES
SWD,D,304,SNWCAVG,20221004 0000,20221004 0000,---, ,INCHES
SWD,D,304,SNWCAVG,20221005 0000,20221005 0000,---, ,INCHES
SWD,D,304,SNWCAVG,20221006 0000,20221006 0000,---, ,INCHES
SWD,D,304,SNWCAVG,20221007 0000,20221007 0000,---, ,INCHES
SWD,D,304,SNWCAVG,20221008 0000,20221008 0000,---, ,INCHES
SWD,D,304,SNWCAVG,20221009 0000,20221009 0000,---, ,INCHES
SWD,D,304,SNWCAVG,20221010 0000,20221010 0000,---, ,INCHES
SWD,D,304,SNWCAVG,20221011 0000,20221011 0000,---, ,INCHES
SWD,D,304,SNWCAVG,20221012 0000,20221012 0000,---, ,INCHES
SWD,D,304,SNWCAVG,20221013 0000,20221013 0000,---, ,INCHES
SWD,D,304,SNWCAVG,20221014 0000,20221014 0000,---, ,INCHES
SWD,D,304,SNWCAVG,20221015 0000,20221015 0000,---, ,INCHES
SWD,D,304,SNWCAVG,20221016 0000,20221016 0000,---, ,INCHES
SWD,D,304,SNWCAVG,20221017 0000,20221017 0000,---, ,INCHES
SWD,D,304,SNWCAVG,20221018 0000,20221018 0000,---, ,INCHES
SWD,D,304,SNWCAVG,20221019 0000,20221019 0000,---, ,INCHES
SWD,D,304,SNWCAVG,20221020 0000,20221020 0000,---, ,INCHES
SWD,D,304,SNWCAVG,20221021 0000,20221021 0000,---, ,INCHES
SWD,D,304,SNWCAVG,20221022 0000,20221022 0000,---, ,INCHES
SWD,D,304,SNWCAVG,20221023 0000,20221023 0000,---, ,INCHES
SWD,D,304,SNWCAVG,20221024 0000,20221024 0000,---, ,INCHES
SWD,D,304,SNWCAVG,20221025 0000,20221025 0000,---, ,INCHES
SWD,D,304,SNWCAVG,20221026 0000,20221026 0000,---, ,INCHES
SWD,D,304,SNWCAVG,20221027 0000,20221027 0000,---, ,INCHES
SWD,D,304,SNWCAVG,20221028 0000,20221028 0000,---, ,INCHES
SWD,D,304,SNWCAVG,20221029 0000,20221029 0000,---, ,INCHES
SWD,D,304,SNWCAVG,20221030 0000,20221030 0000,---, ,INCHES
SWD,D,304,SNWCAVG,20221031 0000,20221031 0000,---, ,INCHES
SWD,D,304,SNWCAVG,20221101 0000,20221101 0000,---, ,INCHES
SWD,D,304,SNWCAVG,20221102 0000,20221102 0000,---, ,INCHES
SWD,D,304,SNWCAVG,20221103 0000,20221103 0000,---, ,INCHES
SWD,D,304,SNWCAVG,20221104 0000,20221104 0000,---, ,INCHES
SWD,D,304,SNWCAVG,20221105 0000,20221105 0000,---, ,INCHES
SWD,D,304,SNWCAVG,20221106 0000,20221106 0000,---, ,INCHES
SWD,D,304,SNWCAVG,20221107 0000,20221107 0000,---, ,INCHES
SWD,D,304,SNWCAVG,20221108 0000,20221108 0000,---, ,INCHES
SWD,D,304,SNWCAVG,20221109 0000,20221109 0000,---, ,INCHES
SWD,D,304,SNWCAVG,20221110 0000,20221110 0000,---, ,INCHES
SWD,D,304,SNWCAVG,20221111 0000,20221111 0000,---, ,INCHES
SWD,D,304,SNWCAVG,20221112 0000,20221112 0000,---, ,INCHES
SWD,D,304,SNWCAVG,20221113 0000,20221113 0000,---, ,INCHES
SWD,D,304,SNWCAVG,20221114 0000,20221114 0000,---, ,INCHES
SWD,D,304,SNWCAVG,20221115 0000,20221115 0000,---, ,INCHES
SWD,D,304,SNWCAVG,20221116 0000,20221116 0000,---, ,INCHES
SWD,D,304,SNWCAVG,20221117 0000,20221117 0000,---, ,INCHES
SWD,D,304,SNWCAVG,20221118 0000,20221118 0000,---, ,INCHES
SWD,D,304,SNWCAVG,20221119 0000,20221119 0000,---, ,INCHES
SWD,D,304,SNWCAVG,20221120 0000,20221120 0000,---, ,INCHES
SWD,D,304,SNWCAVG,20221121 0000,20221121 0000,---, ,INCHES
SWD,D,304,SNWCAVG,20221122 0000,20221122 0000,---, ,INCHES
SWD,D,304,SNWCAVG,20221123 0000,20221123 0000,---, ,INCHES
SWD,D,304,SNWCAVG,20221124 0000,20221124 0000,---, ,INCHES
SWD,D,304,SNWCAVG,20221125 0000,20221125 0000,---, ,INCHES
SWD,D,304,SNWCAVG,20221126 0000,20221126 0000,3.3, ,INCHES
SWD,D,304,SNWCAVG,20221127 0000,20221127 0000,3.3, ,INCHES
SWD,D,304,SNWCAVG,20221128 0000,20221128 0000,3.3, ,INCHES
SWD,D,304,SNWCAVG,20221129 0000,20221129 0000,3.2, ,INCHES
SWD,D,304,SNWCAVG,20221130 0000,20221130 0000,3.2, ,INCHES
SWD,D,304,SNWCAVG,20221201 0000,20221201 0000,3.2, ,INCHES
SWD,D,304,SNWCAVG,20221202 0000,20221202 0000,4.6, ,INCHES
SWD,D,304,SNWCAVG,20221203 0000,20221203 0000,4.7, ,INCHES
SWD,D,304,SNWCAVG,20221204 0000,20221204 0000,5.7, ,INCHES
SWD,D,304,SNWCAVG,20221205 0000,20221205 0000,6.4, ,INCHES
SWD,D,304,SNWCAVG,20221206 0000,20221206 0000,6.7, ,INCHES
SWD,D,304,SNWCAVG,20221207 0000,20221207 0000,6.7, ,INCHES
SWD,D,304,SNWCAVG,20221208 0000,20221208 0000,6.8, ,INCHES
SWD,D,304,SNWCAVG,20221209 0000,20221209 0000,7.0, ,INCHES
SWD,D,304,SNWCAVG,20221210 0000,20221210 0000,7.3, ,INCHES
SWD,D,304,SNWCAVG,20221211 0000,20221211 0000,10.2, ,INCHES
SWD,D,304,SNWCAVG,20221212 0000,20221212 0000,11.1, ,INCHES
SWD,D,304,SNWCAVG,20221213 0000,20221213 0000,11.1, ,INCHES
SWD,D,304,SNWCAVG,20221214 0000,20221214 0000,11.1, ,INCHES
SWD,D,304,SNWCAVG,20221215 0000,20221215 0000,11.2, ,INCHES
SWD,D,304,SNWCAVG,20221216 0000,20221216 0000,11.2, ,INCHES
SWD,D,304,SNWCAVG,20221217 0000,20221217 0000,11.2, ,INCHES
SWD,D,304,SNWCAVG,20221218 0000,20221218 0000,11.2, ,INCHES
SWD,D,304,SNWCAVG,20221219 0000,20221219 0000,11.2, ,INCHES
SWD,D,304,SNWCAVG,20221220 0000,20221220 0000,11.2, ,INCHES
SWD,D,304,SNWCAVG,20221221 0000,20221221 0000,11.3, ,INCHES
SWD,D,304,SNWCAVG,20221222 0000,20221222 0000,11.3, ,INCHES
SWD,D,304,SNWCAVG,20221223 0000,20221223 0000,11.3, ,INCHES
SWD,D,304,SNWCAVG,20221224 0000,20221224 0000,11.3, ,INCHES
SWD,D,304,SNWCAVG,20221225 0000,20221225 0000,11.3, ,INCHES
SWD,D,304,SNWCAVG,20221226 0000,20221226 0000,11.3, ,INCHES
SWD,D,304,SNWCAVG,20221227 0000,20221227 0000,11.9, ,INCHES
SWD,D,304,SNWCAVG,20221228 0000,20221228 0000,13.3, ,INCHES
SWD,D,304,SNWCAVG,20221229 0000,20221229 0000,13.4, ,INCHES
SWD,D,304,SNWCAVG,20221230 0000,20221230 0000,14.0, ,INCHES
SWD,D,304,SNWCAVG,20221231 0000,20221231 0000,14.7, ,INCHES
SWD,D,304,SNWCAVG,20230101 0000,20230101 0000,16.7, ,INCHES
SWD,D,304,SNWCAVG,20230102 0000,20230102 0000,16.8, ,INCHES
SWD,D,304,SNWCAVG,20230103 0000,20230103 0000,17.1, ,INCHES
SWD,D,304,SNWCAVG,20230104 0000,20230104 0000,17.3, ,INCHES
SWD,D,304,SNWCAVG,20230105 0000,20230105 0000,18.4, ,INCHES
SWD,D,304,SNWCAVG,20230106 0000,20230106 0000,20.1, ,INCHES
SWD,D,304,SNWCAVG,20230107 0000,20230107 0000,20.3, ,INCHES
SWD,D,304,SNWCAVG,20230108 0000,20230108 0000,21.2, ,INCHES
SWD,D,304,SNWCAVG,20230109 0000,20230109 0000,22.5, ,INCHES
SWD,D,304,SNWCAVG,20230110 0000,20230110 0000,24.8, ,INCHES
SWD,D,304,SNWCAVG,20230111 0000,20230111 0000,26.9, ,INCHES
SWD,D,304,SNWCAVG,20230112 0000,20230112 0000,27.6, ,INCHES
SWD,D,304,SNWCAVG,20230113 0000,20230113 0000,27.7, ,INCHES
SWD,D,304,SNWCAVG,20230114 0000,20230114 0000,28.6, ,INCHES
SWD,D,304,SNWCAVG,20230115 0000,20230115 0000,31.0, ,INCHES
SWD,D,304,SNWCAVG,20230116 0000,20230116 0000,31.9, ,INCHES
SWD,D,304,SNWCAVG,20230117 0000,20230117 0000,32.8, ,INCHES
SWD,D,304,SNWCAVG,20230118 0000,20230118 0000,32.8, ,INCHES
SWD,D,304,SNWCAVG,20230119 0000,20230119 0000,33.3, ,INCHES
SWD,D,304,SNWCAVG,20230120 0000,20230120 0000,33.4, ,INCHES
SWD,D,304,SNWCAVG,20230121 0000,20230121 0000,33.4, ,INCHES
SWD,D,304,SNWCAVG,20230122 0000,20230122 0000,33.5, ,INCHES
SWD,D,304,SNWCAVG,20230123 0000,20230123 0000,33.5, ,INCHES
SWD,D,304,SNWCAVG,20230124 0000,20230124 0000,33.4, ,INCHES
SWD,D,304,SNWCAVG,20230125 0000,20230125 0000,33.7, ,INCHES
SWD,D,304,SNWCAVG,20230126 0000,20230126 0000,33.7, ,INCHES
SWD,D,304,SNWCAVG,20230127 0000,20230127 0000,33.8, ,INCHES
SWD,D,304,SNWCAVG,20230128 0000,20230128 0000,33.8, ,INCHES
SWD,D,304,SNWCAVG,20230129 0000,20230129 0000,33.9, ,INCHES
SWD,D,304,SNWCAVG,20230130 0000,20230130 0000,34.1, ,INCHES
SWD,D,304,SNWCAVG,20230131 0000,20230131 0000,34.0, ,INCHES
SWD,D,304,SNWCAVG,20230201 0000,20230201 0000,34.2, ,INCHES
SWD,D,304,SNWCAVG,20230202 0000,20230202 0000,34.2, ,INCHES
SWD,D,304,SNWCAVG,20230203 0000,20230203 0000,34.3, ,INCHES
SWD,D,304,SNWCAVG,20230204 0000,20230204 0000,34.4, ,INCHES
SWD,D,304,SNWCAVG,20230205 0000,20230205 0000,35.2, ,INCHES
SWD,D,304,SNWCAVG,20230206 0000,20230206 0000,35.8, ,INCHES
SWD,D,304,SNWCAVG,20230207 0000,20230207 0000,35.7, ,INCHES
SWD,D,304,SNWCAVG,20230208 0000,20230208 0000,35.8, ,INCHES
SWD,D,304,SNWCAVG,20230209 0000,20230209 0000,35.8, ,INCHES
SWD,D,304,SNWCAVG,20230210 0000,20230210 0000,35.8, ,INCHES
SWD,D,304,SNWCAVG,20230211 0000,20230211 0000,35.9, ,INCHES
SWD,D,304,SNWCAVG,20230212 0000,20230212 0000,36.0, ,INCHES
SWD,D,304,SNWCAVG,20230213 0000,20230213 0000,36.0, ,INCHES
SWD,D,304,SNWCAVG,20230214 0000,20230214 0000,36.0, ,INCHES
SWD,D,304,SNWCAVG,20230215 0000,20230215 0000,35.9, ,INCHES
SWD,D,304,SNWCAVG,20230216 0000,20230216 0000,36.1, ,INCHES
SWD,D,304,SNWCAVG,20230217 0000,20230217 0000,36.3, ,INCHES
SWD,D,304,SNWCAVG,20230218 0000,20230218 0000,36.4, ,INCHES
SWD,D,304,SNWCAVG,20230219 0000,20230219 0000,36.4, ,INCHES
SWD,D,304,SNWCAVG,20230220 0000,20230220 0000,36.4, ,INCHES
SWD,D,304,SNWCAVG,20230221 0000,20230221 0000,36.5, ,INCHES
SWD,D,304,SNWCAVG,20230222 0000,20230222 0000,36.6, ,INCHES
SWD,D,304,SNWCAVG,20230223 0000,20230223 0000,37.0, ,INCHES
SWD,D,304,SNWCAVG,20230224 0000,20230224 0000,37.7, ,INCHES
SWD,D,304,SNWCAVG,20230225 0000,20230225 0000,39.3, ,INCHES
SWD,D,304,SNWCAVG,20230226 0000,20230226 0000,39.9, ,INCHES
SWD,D,304,SNWCAVG,20230227 0000,20230227 0000,40.7, ,INCHES
SWD,D,304,SNWCAVG,20230228 0000,20230228 0000,42.3, ,INCHES
SWD,D,304,SNWCAVG,20230301 0000,20230301 0000,44.3, ,INCHES
SWD,D,304,SNWCAVG,20230302 0000,20230302 0000,44.6, ,INCHES
SWD,D,304,SNWCAVG,20230303 0000,20230303 0000,44.9, ,INCHES
SWD,D,304,SNWCAVG,20230304 0000,20230304 0000,44.9, ,INCHES
SWD,D,304,SNWCAVG,20230305 0000,20230305 0000,45.7, ,INCHES
SWD,D,304,SNWCAVG,20230306 0000,20230306 0000,46.7, ,INCHES
SWD,D,304,SNWCAVG,20230307 0000,20230307 0000,47.1, ,INCHES
SWD,D,304,SNWCAVG,20230308 0000,20230308 0000,47.4, ,INCHES
SWD,D,304,SNWCAVG,20230309 0000,20230309 0000,47.7, ,INCHES
SWD,D,304,SNWCAVG,20230310 0000,20230310 0000,49.9, ,INCHES
SWD,D,304,SNWCAVG,20230311 0000,20230311 0000,51.5, ,INCHES
SWD,D,304,SNWCAVG,20230312 0000,20230312 0000,52.6, ,INCHES
SWD,D,304,SNWCAVG,20230313 0000,20230313 0000,53.8, ,INCHES
SWD,D,304,SNWCAVG,20230314 0000,20230314 0000,54.3, ,INCHES
SWD,D,304,SNWCAVG,20230315 0000,20230315 0000,56.1, ,INCHES
SWD,D,304,SNWCAVG,20230316 0000,20230316 0000,56.2, ,INCHES
SWD,D,304,SNWCAVG,20230317 0000,20230317 0000,56.2, ,INCHES
SWD,D,304,SNWCAVG,20230318 0000,20230318 0000,56.3, ,INCHES
SWD,D,304,SNWCAVG,20230319 0000,20230319 0000,56.4, ,INCHES
SWD,D,304,SNWCAVG,20230320 0000,20230320 0000,56.9, ,INCHES
SWD,D,304,SNWCAVG,20230321 0000,20230321 0000,57.4, ,INCHES
SWD,D,304,SNWCAVG,20230322 0000,20230322 0000,58.1, ,INCHES
SWD,D,304,SNWCAVG,20230323 0000,20230323 0000,58.1, ,INCHES
SWD,D,304,SNWCAVG,20230324 0000,20230324 0000,58.6, ,INCHES
SWD,D,304,SNWCAVG,20230325 0000,20230325 0000,59.0, ,INCHES
SWD,D,304,SNWCAVG,20230326 0000,20230326 0000,59.0, ,INCHES
SWD,D,304,SNWCAVG,20230327 0000,20230327 0000,58.8, ,INCHES
SWD,D,304,SNWCAVG,20230328 0000,20230328 0000,59.3, ,INCHES
SWD,D,304,SNWCAVG,20230329 0000,20230329 0000,60.6, ,INCHES
SWD,D,304,SNWCAVG,20230330 0000,20230330 0000,61.0, ,INCHES
SWD,D,304,SNWCAVG,20230331 0000,20230331 0000,61.0, ,INCHES
SWD,D,304,SNWCAVG,20230401 0000,20230401 0000,61.1, ,INCHES
SWD,D,304,SNWCAVG,20230402 0000,20230402 0000,61.2, ,INCHES
SWD,D,304,SNWCAVG,20230403 0000,20230403 0000,61.0, ,INCHES
SWD,D,304,SNWCAVG,20230404 0000,20230404 0000,61.5, ,INCHES
SWD,D,304,SNWCAVG,20230405 0000,20230405 0000,61.5, ,INCHES
SWD,D,304,SNWCAVG,20230406 0000,20230406 0000,61.6, ,INCHES
SWD,D,304,SNWCAVG,20230407 0000,20230407 0000,61.7, ,INCHES
SWD,D,304,SNWCAVG,20230408 0000,20230408 0000,61.8, ,INCHES
SWD,D,304,SNWCAVG,20230409 0000,20230409 0000,61.3, ,INCHES
SWD,D,304,SNWCAVG,20230410 0000,20230410 0000,60.7, ,INCHES
SWD,D,304,SNWCAVG,20230411 0000,20230411 0000,60.7, ,INCHES
SWD,D,304,SNWCAVG,20230412 0000,20230412 0000,60.2, ,INCHES
SWD,D,304,SNWCAVG,20230413 0000,20230413 0000,59.8, ,INCHES
SWD,D,304,SNWCAVG,20230414 0000,20230414 0000,59.4, ,INCHES
SWD,D,304,SNWCAVG,20230415 0000,20230415 0000,59.1, ,INCHES
SWD,D,304,SNWCAVG,20230416 0000,20230416 0000,59.0, ,INCHES
SWD,D,304,SNWCAVG,20230417 0000,20230417 0000,58.6, ,INCHES
SWD,D,304,SNWCAVG,20230418 0000,20230418 0000,58.1, ,INCHES
SWD,D,304,SNWCAVG,20230419 0000,20230419 0000,57.8, ,INCHES
SWD,D,304,SNWCAVG,20230420 0000,20230420 0000,57.8, ,INCHES
SWD,D,304,SNWCAVG,20230421 0000,20230421 0000,57.5, ,INCHES
SWD,D,304,SNWCAVG,20230422 0000,20230422 0000,57.0, ,INCHES
SWD,D,304,SNWCAVG,20230423 0000,20230423 0000,56.4, ,INCHES
SWD,D,304,SNWCAVG,20230424 0000,20230424 0000,55.8, ,INCHES
SWD,D,304,SNWCAVG,20230425 0000,20230425 0000,54.9, ,INCHES
SWD,D,304,SNWCAVG,20230426 0000,20230426 0000,54.1, ,INCHES
SWD,D,304,SNWCAVG,20230427 0000,20230427 0000,53.4, ,INCHES
SWD,D,304,SNWCAVG,20230428 0000,20230428 0000,52.7, ,INCHES
SWD,D,304,SNWCAVG,20230429 0000,20230429 0000,51.3, ,INCHES
SWD,D,304,SNWCAVG,20230430 0000,20230430 0000,50.2, ,INCHES
SWD,D,304,SNWCAVG,20230501 0000,20230501 0000,49.3, ,INCHES
SWD,D,304,SNWCAVG,20230502 0000,20230502 0000,48.5, ,INCHES
SWD,D,304,SNWCAVG,20230503 0000,20230503 0000,48.3, ,INCHES
SWD,D,304,SNWCAVG,20230504 0000,20230504 0000,48.3, ,INCHES
SWD,D,304,SNWCAVG,20230505 0000,20230505 0000,48.3, ,INCHES
SWD,D,304,SNWCAVG,20230506 0000,20230506 0000,48.3, ,INCHES
SWD,D,304,SNWCAVG,20230507 0000,20230507 0000,48.5, ,INCHES
SWD,D,304,SNWCAVG,20230508 0000,20230508 0000,48.1, ,INCHES
SWD,D,304,SNWCAVG,20230509 0000,20230509 0000,47.8, ,INCHES
SWD,D,304,SNWCAVG,20230510 0000,20230510 0000,47.5, ,INCHES
SWD,D,304,SNWCAVG,20230511 0000,20230511 0000,47.1, ,INCHES
SWD,D,304,SNWCAVG,20230512 0000,20230512 0000,46.3, ,INCHES
SWD,D,304,SNWCAVG,20230513 0000,20230513 0000,45.3, ,INCHES
SWD,D,304,SNWCAVG,20230514 0000,20230514 0000,43.6, ,INCHES
SWD,D,304,SNWCAVG,20230515 0000,20230515 0000,42.9, ,INCHES
SWD,D,304,SNWCAVG,20230516 0000,20230516 0000,41.3, ,INCHES
SWD,D,304,SNWCAVG,20230517 0000,20230517 0000,40.1, ,INCHES
SWD,D,304,SNWCAVG,20230518 0000,20230518 0000,39.3, ,INCHES
SWD,D,304,SNWCAVG,20230519 0000,20230519 0000,38.1, ,INCHES
SWD,D,304,SNWCAVG,20230520 0000,20230520 0000,36.7, ,INCHES
SWD,D,304,SNWCAVG,20230521 0000,20230521 0000,35.1, ,INCHES
SWD,D,304,SNWCAVG,20230522 0000,20230522 0000,33.9, ,INCHES
SWD,D,304,SNWCAVG,20230523 0000,20230523 0000,32.5, ,INCHES
SWD,D,304,SNWCAVG,20230524 0000,20230524 0000,31.1, ,INCHES
SWD,D,304,SNWCAVG,20230525 0000,20230525 0000,29.9, ,INCHES
SWD,D,304,SNWCAVG,20230526 0000,20230526 0000,28.9, ,INCHES
SWD,D,304,SNWCAVG,20230527 0000,20230527 0000,28.0, ,INCHES
SWD,D,304,SNWCAVG,20230528 0000,20230528 0000,26.8, ,INCHES
SWD,D,304,SNWCAVG,20230529 0000,20230529 0000,25.8, ,INCHES
SWD,D,304,SNWCAVG,20230530 0000,20230530 0000,24.0, ,INCHES
SWD,D,304,SNWCAVG,20230531 0000,20230531 0000,23.0, ,INCHES
SWD,D,304,SNWCAVG,20230601 0000,20230601 0000,22.2, ,INCHES
SWD,D,304,SNWCAVG,20230602 0000,20230602 0000,20.9, ,INCHES
SWD,D,304,SNWCAVG,20230603 0000,20230603 0000,19.8, ,INCHES
SWD,D,304,SNWCAVG,20230604 0000,20230604 0000,18.6, ,INCHES
SWD,D,304,SNWCAVG,20230605 0000,20230605 0000,17.5, ,INCHES
SWD,D,304,SNWCAVG,20230606 0000,20230606 0000,16.3, ,INCHES
SWD,D,304,SNWCAVG,20230607 0000,20230607 0000,15.6, ,INCHES
SWD,D,304,SNWCAVG,20230608 0000,20230608 0000,14.8, ,INCHES
SWD,D,304,SNWCAVG,20230609 0000,20230609 0000,14.2, ,INCHES
SWD,D,304,SNWCAVG,20230610 0000,20230610 0000,13.4, ,INCHES
SWD,D,304,SNWCAVG,20230611 0000,20230611 0000,12.8, ,INCHES
SWD,D,304,SNWCAVG,20230612 0000,20230612 0000,12.3, ,INCHES
SWD,D,304,SNWCAVG,20230613 0000,20230613 0000,11.6, ,INCHES
SWD,D,304,SNWCAVG,20230614 0000,20230614 0000,11.0, ,INCHES
SWD,D,304,SNWCAVG,20230615 0000,20230615 0000,10.2, ,INCHES
SWD,D,304,SNWCAVG,20230616 0000,20230616 0000,9.7, ,INCHES
SWD,D,304,SNWCAVG,20230617 0000,20230617 0000,9.0, ,INCHES
SWD,D,304,SNWCAVG,20230618 0000,20230618 0000,8.4, ,INCHES
SWD,D,304,SNWCAVG,20230619 0000,20230619 0000,7.6, ,INCHES
SWD,D,304,SNWCAVG,20230620 0000,20230620 0000,7.1, ,INCHES
SWD,D,304,SNWCAVG,20230621 0000,20230621 0000,6.7, ,INCHES
SWD,D,304,SNWCAVG,20230622 0000,20230622 0000,6.2, ,INCHES
SWD,D,304,SNWCAVG,20230623 0000,20230623 0000,5.7, ,INCHES
SWD,D,304,SNWCAVG,20230624 0000,20230624 0000,5.3, ,INCHES
SWD,D,304,SNWCAVG,20230625 0000,20230625 0000,4.9, ,INCHES
SWD,D,304,SNWCAVG,20230626 0000,20230626 0000,4.6, ,INCHES
SWD,D,304,SNWCAVG,20230627 0000,20230627 0000,4.2, ,INCHES
SWD,D,304,SNWCAVG,20230628 0000,20230628 0000,3.8, ,INCHES
SWD,D,304,SNWCAVG,20230629 0000,20230629 0000,3.5, ,INCHES
SWD,D,304,SNWCAVG,20230630 0000,20230630 0000,3.2, ,INCHES
SWD,D,304,SNWCAVG,20230701 0000,20230701 0000,2.9, ,INCHES
SWD,D,304,SNWCAVG,20230702 0000,20230702 0000,2.9, ,INCHES
SWD,D,304,SNWCAVG,20230703 0000,20230703 0000,2.4, ,INCHES
SWD,D,304,SNWCAVG,20230704 0000,20230704 0000,2.2, ,INCHES
SWD,D,304,SNWCAVG,20230705 0000,20230705 0000,2.0, ,INCHES
SWD,D,304,SNWCAVG,20230706 0000,20230706 0000,1.9, ,INCHES
SWD,D,304,SNWCAVG,20230707 0000,20230707 0000,1.7, ,INCHES
SWD,D,304,SNWCAVG,20230708 0000,20230708 0000,1.6, ,INCHES
SWD,D,304,SNWCAVG,20230709 0000,20230709 0000,1.5, ,INCHES
SWD,D,304,SNWCAVG,20230710 0000,20230710 0000,1.4, ,INCHES
SWD,D,304,SNWCAVG,20230711 0000,20230711 0000,1.3, ,INCHES
SWD,D,304,SNWCAVG,20230712 0000,20230712 0000,1.2, ,INCHES
SWD,D,304,SNWCAVG,20230713 0000,20230713 0000,1.1, ,INCHES
SWD,D,304,SNWCAVG,20230714 0000,20230714 0000,1.0, ,INCHES
SWD,D,304,SNWCAVG,20230715 0000,20230715 0000,0.8, ,INCHES
SWD,D,304,SNWCAVG,20230716 0000,20230716 0000,0.7, ,INCHES
SWD,D,304,SNWCAVG,20230717 0000,20230717 0000,0.6, ,INCHES
SWD,D,304,SNWCAVG,20230718 0000,20230718 0000,0.4, ,INCHES
SWD,D,304,SNWCAVG,20230719 0000,20230719 0000,0.3, ,INCHES
SWD,D,304,SNWCAVG,20230720 0000,20230720 0000,0.3, ,INCHES
SWD,D,304,SNWCAVG,20230721 0000,20230721 0000,0.2, ,INCHES
SWD,D,304,SNWCAVG,20230722 0000,20230722 0000,0.2, ,INCHES
SWD,D,304,SNWCAVG,20230723 0000,20230723 0000,0.2, ,INCHES
SWD,D,304,SNWCAVG,20230724 0000,20230724 0000,0.2, ,INCHES
SWD,D,304,SNWCAVG,20230725 0000,20230725 0000,0.1, ,INCHES
SWD,D,304,SNWCAVG,20230726 0000,20230726 0000,0.1, ,INCHES
SWD,D,304,SNWCAVG,20230727 0000,20230727 0000,0.1, ,INCHES
SWD,D,304,SNWCAVG,20230728 0000,20230728 0000,0.1, ,INCHES
SWD,D,304,SNWCAVG,20230729 0000,20230729 0000,0.0, ,INCHES
SWD,D,304,SNWCAVG,20230730 0000,20230730 0000,0.0, ,INCHES
SWD,D,304,SNWCAVG,20230731 0000,20230731 0000,0.0, ,INCHES
SWD,D,304,SNWCAVG,20230801 0000,20230801 0000,---, ,INCHES
SWD,D,304,SNWCAVG,20230802 0000,20230802 0000,---, ,INCHES
SWD,D,304,SNWCAVG,20230803 0000,20230803 0000,---, ,INCHES
SWD,D,304,SNWCAVG,20230804 0000,20230804 0000,---, ,INCHES
SWD,D,304,SNWCAVG,20230805 0000,20230805 0000,---, ,INCHES
SWD,D,304,SNWCAVG,20230806 0000,20230806 0000,---, ,INCHES
SWD,D,304,SNWCAVG,20230807 0000,20230807 0000,---, ,INCHES
SWD,D,304,SNWCAVG,20230808 0000,20230808 0000,---, ,INCHES
SWD,D,304,SNWCAVG,20230809 0000,20230809 0000,---, ,INCHES
SWD,D,304,SNWCAVG,20230810 0000,20230810 0000,---, ,INCHES
SWD,D,304,SNWCAVG,20230811 0000,20230811 0000,---, ,INCHES
SWD,D,304,SNWCAVG,20230812 0000,20230812 0000,---, ,INCHES
SWD,D,304,SNWCAVG,20230813 0000,20230813 0000,---, ,INCHES
SWD,D,304,SNWCAVG,20230814 0000,20230814 0000,---, ,INCHES
SWD,D,304,SNWCAVG,20230815 0000,20230815 0000,---, ,INCHES
SWD,D,304,SNWCAVG,20230816 0000,20230816 0000,---, ,INCHES
SWD,D,304,SNWCAVG,20230817 0000,20230817 0000,---, ,INCHES
SWD,D,304,SNWCAVG,20230818 0000,20230818 0000,---, ,INCHES
SWD,D,304,SNWCAVG,20230819 0000,20230819 0000,---, ,INCHES
SWD,D,304,SNWCAVG,20230820 0000,20230820 0000,---, ,INCHES
SWD,D,304,SNWCAVG,20230821 0000,20230821 0000,---, ,INCHES
SWD,D,304,SNWCAVG,20230822 0000,20230822 0000,---, ,INCHES
SWD,D,304,SNWCAVG,20230823 0000,20230823 0000,---, ,INCHES
SWD,D,304,SNWCAVG,20230824 0000,20230824 0000,---, ,INCHES
SWD,D,304,SNWCAVG,20230825 0000,20230825 0000,---, ,INCHES
SWD,D,304,SNWCAVG,20230826 0000,20230826 0000,---, ,INCHES
SWD,D,304,SNWCAVG,20230827 0000,20230827 0000,---, ,INCHES
SWD,D,304,SNWCAVG,20230828 0000,20230828 0000,---, ,INCHES
SWD,D,304,SNWCAVG,20230829 0000,20230829 0000,---, ,INCHES
SWD,D,304,SNWCAVG,20230830 0000,20230830 0000,---, ,INCHES
SWD,D,304,SNWCAVG,20230831 0000,20230831 0000,---, ,INCHES
SWD,D,304,SNWCAVG,20230901 0000,20230901 0000,---, ,INCHES
SWD,D,304,SNWCAVG,20230902 0000,20230902 0000,---, ,INCHES
SWD,D,304,SNWCAVG,20230903 0000,20230903 0000,---, ,INCHES
SWD,D,304,SNWCAVG,20230904 0000,20230904 0000,---, ,INCHES
SWD,D,304,SNWCAVG,20230905 0000,20230905 0000,---, ,INCHES
SWD,D,304,SNWCAVG,20230906 0000,20230906 0000,---, ,INCHES
SWD,D,304,SNWCAVG,20230907 0000,20230907 0000,---, ,INCHES
SWD,D,304,SNWCAVG,20230908 0000,20230908 0000,---, ,INCHES
SWD,D,304,SNWCAVG,20230909 0000,20230909 0000,---, ,INCHES
SWD,D,304,SNWCAVG,20230910 0000,20230910 0000,---, ,INCHES
SWD,D,304,SNWCAVG,20230911 0000,20230911 0000,---, ,INCHES
SWD,D,304,SNWCAVG,20230912 0000,20230912 0000,---, ,INCHES
SWD,D,304,SNWCAVG,20230913 0000,20230913 0000,---, ,INCHES
SWD,D,304,SNWCAVG,20230914 0000,20230914 0000,---, ,INCHES
SWD,D,304,SNWCAVG,20230915 0000,20230915 0000,---, ,INCHES
SWD,D,304,SNWCAVG,20230916 0000,20230916 0000,---, ,INCHES
SWD,D,304,SNWCAVG,20230917 0000,20230917 0000,---, ,INCHES
SWD,D,304,SNWCAVG,20230918 0000,20230918 0000,---, ,INCHES
SWD,D,304,SNWCAVG,20230919 0000,20230919 0000,---, ,INCHES
SWD,D,304,SNWCAVG,20230920 0000,20230920 0000,---, ,INCHES
SWD,D,304,SNWCAVG,20230921 0000,20230921 0000,---, ,INCHES
SWD,D,304,SNWCAVG,20230922 0000,20230922 0000,---, ,INCHES
SWD,D,304,SNWCAVG,20230923 0000,20230923 0000,---, ,INCHES
SWD,D,304,SNWCAVG,20230924 0000,20230924 0000,---, ,INCHES
SWD,D,304,SNWCAVG,20230925 0000,20230925 0000,---, ,INCHES
SWD,D,304,SNWCAVG,20230926 0000,20230926 0000,---, ,INCHES
SWD,D,304,SNWCAVG,20230927 0000,20230927 0000,---, ,INCHES
SWD,D,304,SNWCAVG,20230928 0000,20230928 0000,---, ,INCHES
SWD,D,304,SNWCAVG,20230929 0000,20230929 0000,---, ,INCHES
SWD,D,304,SNWCAVG,20230930 0000,20230930 0000,---, ,INCHES
SWD,D,304,SNWCAVG,20231001 0000,20231001 0000,---, ,INCHES
SWD,D,304,SNWCAVG,20231002 0000,20231002 0000,---, ,INCHES
SWD,D,304,SNWCAVG,20231003 0000,20231003 0000,---, ,INCHES
SWD,D,304,SNWCAVG,20231004 0000,20231004 0000,---, ,INCHES
SWD,D,304,SNWCAVG,20231005 0000,20231005 0000,---, ,INCHES
SWD,D,304,SNWCAVG,20231006 0000,20231006 0000,---, ,INCHES
SWD,D,304,SNWCAVG,20231007 0000,20231007 0000,---, ,INCHES
SWD,D,304,SNWCAVG,20231008 0000,20231008 0000,---, ,INCHES
SWD,D,304,SNWCAVG,20231009 0000,20231009 0000,---, ,INCHES
SWD,D,304,SNWCAVG,20231010 0000,20231010 0000,---, ,INCHES
SWD,D,304,SNWCAVG,20231011 0000,20231011 0000,---, ,INCHES
SWD,D,304,SNWCAVG,20231012 0000,20231012 0000,---, ,INCHES
SWD,D,304,SNWCAVG,20231013 0000,20231013 0000,---, ,INCHES
SWD,D,304,SNWCAVG,20231014 0000,20231014 0000,---, ,INCHES
SWD,D,304,SNWCAVG,20231015 0000,20231015 0000,---, ,INCHES
SWD,D,304,SNWCAVG,20231016 0000,20231016 0000,---, ,INCHES
SWD,D,304,SNWCAVG,20231017 0000,20231017 0000,---, ,INCHES
SWD,D,304,SNWCAVG,20231018 0000,20231018 0000,---, ,INCHES
SWD,D,304,SNWCAVG,20231019 0000,20231019 0000,---, ,INCHES
SWD,D,304,SNWCAVG,20231020 0000,20231020 0000,---, ,INCHES
SWD,D,304,SNWCAVG,20231021 0000,20231021 0000,---, ,INCHES
SWD,D,304,SNWCAVG,20231022 0000,20231022 0000,---, ,INCHES
SWD,D,304,SNWCAVG,20231023 0000,20231023 0000,---, ,INCHES
SWD,D,304,SNWCAVG,20231024 0000,20231024 0000,---, ,INCHES
SWD,D,304,SNWCAVG,20231025 0000,20231025 0000,---, ,INCHES
SWD,D,304,SNWCAVG,20231026 0000,20231026 0000,---, ,INCHES
SWD,D,304,SNWCAVG,20231027 0000,20231027 0000,---, ,INCHES
SWD,D,304,SNWCAVG,20231028 0000,20231028 0000,---, ,INCHES
SWD,D,304,SNWCAVG,20231029 0000,20231029 0000,---, ,INCHES
SWD,D,304,SNWCAVG,20231030 0000,20231030 0000,---, ,INCHES
SWD,D,304,SNWCAVG,20231031 0000,20231031 0000,---, ,INCHES
SWD,D,304,SNWCAVG,20231101 0000,20231101 0000,---, ,INCHES
SWD,D,304,SNWCAVG,20231102 0000,20231102 0000,---, ,INCHES
SWD,D,304,SNWCAVG,20231103 0000,20231103 0000,---, ,INCHES
SWD,D,304,SNWCAVG,20231104 0000,20231104 0000,---, ,INCHES
SWD,D,304,SNWCAVG,20231105 0000,20231105 0000,---, ,INCHES
SWD,D,304,SNWCAVG,20231106 0000,20231106 0000,---, ,INCHES
SWD,D,304,SNWCAVG,20231107 0000,20231107 0000,---, ,INCHES
SWD,D,304,SNWCAVG,20231108 0000,20231108 0000,---, ,INCHES
SWD,D,304,SNWCAVG,20231109 0000,20231109 0000,---, ,INCHES
SWD,D,304,SNWCAVG,20231110 0000,20231110 0000,---, ,INCHES
SWD,D,304,SNWCAVG,20231111 0000,20231111 0000,---, ,INCHES
SWD,D,304,SNWCAVG,20231112 0000,20231112 0000,---, ,INCHES
SWD,D,304,SNWCAVG,20231113 0000,20231113 0000,---, ,INCHES
SWD,D,304,SNWCAVG,20231114 0000,20231114 0000,---, ,INCHES
SWD,D,304,SNWCAVG,20231115 0000,20231115 0000,---, ,INCHES
SWD,D,304,SNWCAVG,20231116 0000,20231116 0000,---, ,INCHES
SWD,D,304,SNWCAVG,20231117 0000,20231117 0000,---, ,INCHES
SWD,D,304,SNWCAVG,20231118 0000,20231118 0000,---, ,INCHES
SWD,D,304,SNWCAVG,20231119 0000,20231119 0000,---, ,INCHES
SWD,D,304,SNWCAVG,20231120 0000,20231120 0000,---, ,INCHES
SWD,D,304,SNWCAVG,20231121 0000,20231121 0000,---, ,INCHES
SWD,D,304,SNWCAVG,20231122 0000,20231122 0000,---, ,INCHES
SWD,D,304,SNWCAVG,20231123 0000,20231123 0000,0.8, ,INCHES
SWD,D,304,SNWCAVG,20231124 0000,20231124 0000,0.8, ,INCHES
SWD,D,304,SNWCAVG,20231125 0000,20231125 0000,0.8, ,INCHES
SWD,D,304,SNWCAVG,20231126 0000,20231126 0000,0.9, ,INCHES
SWD,D,304,SNWCAVG,20231127 0000,20231127 0000,0.9, ,INCHES
SWD,D,304,SNWCAVG,20231128 0000,20231128 0000,0.9, ,INCHES
SWD,D,304,SNWCAVG,20231129 0000,20231129 0000,0.9, ,INCHES
SWD,D,304,SNWCAVG,20231130 0000,20231130 0000,0.9, ,INCHES
SWD,D,304,SNWCAVG,20231201 0000,20231201 0000,1.0, ,INCHES
SWD,D,304,SNWCAVG,20231202 0000,20231202 0000,1.0, ,INCHES
SWD,D,304,SNWCAVG,20231203 0000,20231203 0000,1.2, ,INCHES
SWD,D,304,SNWCAVG,20231204 0000,20231204 0000,1.2, ,INCHES
SWD,D,304,SNWCAVG,20231205 0000,20231205 0000,1.1, ,INCHES
SWD,D,304,SNWCAVG,20231206 0000,20231206 0000,1.1, ,INCHES
SWD,D,304,SNWCAVG,20231207 0000,20231207 0000,1.5, ,INCHES
SWD,D,304,SNWCAVG,20231208 0000,20231208 0000,1.7, ,INCHES
SWD,D,304,SNWCAVG,20231209 0000,20231209 0000,1.7, ,INCHES
SWD,D,304,SNWCAVG,20231210 0000,20231210 0000,1.7, ,INCHES
SWD,D,304,SNWCAVG,20231211 0000,20231211 0000,1.7, ,INCHES
SWD,D,304,SNWCAVG,20231212 0000,20231212 0000,1.7, ,INCHES
SWD,D,304,SNWCAVG,20231213 0000,20231213 0000,1.6, ,INCHES
SWD,D,304,SNWCAVG,20231214 0000,20231214 0000,1.6, ,INCHES
SWD,D,304,SNWCAVG,20231215 0000,20231215 0000,1.6, ,INCHES
SWD,D,304,SNWCAVG,20231216 0000,20231216 0000,1.6, ,INCHES
SWD,D,304,SNWCAVG,20231217 0000,20231217 0000,1.6, ,INCHES
SWD,D,304,SNWCAVG,20231218 0000,20231218 0000,1.6, ,INCHES
SWD,D,304,SNWCAVG,20231219 0000,20231219 0000,2.1, ,INCHES
SWD,D,304,SNWCAVG,20231220 0000,20231220 0000,2.3, ,INCHES
SWD,D,304,SNWCAVG,20231221 0000,20231221 0000,2.4, ,INCHES
SWD,D,304,SNWCAVG,20231222 0000,20231222 0000,2.4, ,INCHES
SWD,D,304,SNWCAVG,20231223 0000,20231223 0000,2.4, ,INCHES
SWD,D,304,SNWCAVG,20231224 0000,20231224 0000,2.4, ,INCHES
SWD,D,304,SNWCAVG,20231225 0000,20231225 0000,2.4, ,INCHES
SWD,D,304,SNWCAVG,20231226 0000,20231226 0000,2.4, ,INCHES
SWD,D,304,SNWCAVG,20231227 0000,20231227 0000,2.4, ,INCHES
SWD,D,304,SNWCAVG,20231228 0000,20231228 0000,2.5, ,INCHES
SWD,D,304,SNWCAVG,20231229 0000,20231229 0000,2.5, ,INCHES
SWD,D,304,SNWCAVG,20231230 0000,20231230 0000,2.5, ,INCHES
SWD,D,304,SNWCAVG,20231231 0000,20231231 0000,2.6, ,INCHES
SWD,D,304,SNWCAVG,20240101 0000,20240101 0000,2.7, ,INCHES
SWD,D,304,SNWCAVG,20240102 0000,20240102 0000,2.7, ,INCHES
SWD,D,304,SNWCAVG,20240103 0000,20240103 0000,3.3, ,INCHES
SWD,D,304,SNWCAVG,20240104 0000,20240104 0000,3.5, ,INCHES
SWD,D,304,SNWCAVG,20240105 0000,20240105 0000,3.5, ,INCHES
SWD,D,304,SNWCAVG,20240106 0000,20240106 0000,3.6, ,INCHES
SWD,D,304,SNWCAVG,20240107 0000,20240107 0000,4.1, ,INCHES
SWD,D,304,SNWCAVG,20240108 0000,20240108 0000,4.1, ,INCHES
SWD,D,304,SNWCAVG,20240109 0000,20240109 0000,4.2, ,INCHES
SWD,D,304,SNWCAVG,20240110 0000,20240110 0000,4.4, ,INCHES
SWD,D,304,SNWCAVG,20240111 0000,20240111 0000,5.3, ,INCHES
SWD,D,304,SNWCAVG,20240112 0000,20240112 0000,5.3, ,INCHES
SWD,D,304,SNWCAVG,20240113 0000,20240113 0000,5.4, ,INCHES
SWD,D,304,SNWCAVG,20240114 0000,20240114 0000,6.4, ,INCHES
SWD,D,304,SNWCAVG,20240115 0000,20240115 0000,6.5, ,INCHES
SWD,D,304,SNWCAVG,20240116 0000,20240116 0000,6.5, ,INCHES
SWD,D,304,SNWCAVG,20240117 0000,20240117 0000,7.0, ,INCHES
SWD,D,304,SNWCAVG,20240118 0000,20240118 0000,7.1, ,INCHES
SWD,D,304,SNWCAVG,20240119 0000,20240119 0000,7.1, ,INCHES
SWD,D,304,SNWCAVG,20240120 0000,20240120 0000,7.3, ,INCHES
SWD,D,304,SNWCAVG,20240121 0000,20240121 0000,7.8, ,INCHES
SWD,D,304,SNWCAVG,20240122 0000,20240122 0000,8.3, ,INCHES
SWD,D,304,SNWCAVG,20240123 0000,20240123 0000,8.6, ,INCHES
SWD,D,304,SNWCAVG,20240124 0000,20240124 0000,8.5, ,INCHES
SWD,D,304,SNWCAVG,20240125 0000,20240125 0000,8.8, ,INCHES
SWD,D,304,SNWCAVG,20240126 0000,20240126 0000,8.7, ,INCHES
SWD,D,304,SNWCAVG,20240127 0000,20240127 0000,8.7, ,INCHES
SWD,D,304,SNWCAVG,20240128 0000,20240128 0000,8.7, ,INCHES
SWD,D,304,SNWCAVG,20240129 0000,20240129 0000,8.6, ,INCHES
SWD,D,304,SNWCAVG,20240130 0000,20240130 0000,8.6, ,INCHES
SWD,D,304,SNWCAVG,20240131 0000,20240131 0000,8.5, ,INCHES
SWD,D,304,SNWCAVG,20240201 0000,20240201 0000,8.9, ,INCHES
SWD,D,304,SNWCAVG,20240202 0000,20240202 0000,9.6, ,INCHES
SWD,D,304,SNWCAVG,20240203 0000,20240203 0000,10.1, ,INCHES
SWD,D,304,SNWCAVG,20240204 0000,20240204 0000,10.3, ,INCHES
SWD,D,304,SNWCAVG,20240205 0000,20240205 0000,12.6, ,INCHES
SWD,D,304,SNWCAVG,20240206 0000,20240206 0000,13.2, ,INCHES
SWD,D,304,SNWCAVG,20240207 0000,20240207 0000,13.3, ,INCHES
SWD,D,304,SNWCAVG,20240208 0000,20240208 0000,13.8, ,INCHES
SWD,D,304,SNWCAVG,20240209 0000,20240209 0000,13.9, ,INCHES
SWD,D,304,SNWCAVG,20240210 0000,20240210 0000,14.0, ,INCHES
SWD,D,304,SNWCAVG,20240211 0000,20240211 0000,14.0, ,INCHES
SWD,D,304,SNWCAVG,20240212 0000,20240212 0000,14.0, ,INCHES
SWD,D,304,SNWCAVG,20240213 0000,20240213 0000,14.1, ,INCHES
SWD,D,304,SNWCAVG,20240214 0000,20240214 0000,14.1, ,INCHES
SWD,D,304,SNWCAVG,20240215 0000,20240215 0000,14.9, ,INCHES
SWD,D,304,SNWCAVG,20240216 0000,20240216 0000,15.1, ,INCHES
SWD,D,304,SNWCAVG,20240217 0000,20240217 0000,15.2, ,INCHES
SWD,D,304,SNWCAVG,20240218 0000,20240218 0000,15.7, ,INCHES
SWD,D,304,SNWCAVG,20240219 0000,20240219 0000,16.4, ,INCHES
SWD,D,304,SNWCAVG,20240220 0000,20240220 0000,17.9, ,INCHES
SWD,D,304,SNWCAVG,20240221 0000,20240221 0000,18.5, ,INCHES
SWD,D,304,SNWCAVG,20240222 0000,20240222 0000,18.7, ,INCHES
SWD,D,304,SNWCAVG,20240223 0000,20240223 0000,18.8, ,INCHES
SWD,D,304,SNWCAVG,20240224 0000,20240224 0000,18.8, ,INCHES
SWD,D,304,SNWCAVG,20240225 0000,20240225 0000,18.8, ,INCHES
SWD,D,304,SNWCAVG,20240226 0000,20240226 0000,18.8, ,INCHES
SWD,D,304,SNWCAVG,20240227 0000,20240227 0000,18.9, ,INCHES
SWD,D,304,SNWCAVG,20240228 0000,20240228 0000,18.9, ,INCHES
SWD,D,304,SNWCAVG,20240229 0000,20240229 0000,18.9, ,INCHES
SWD,D,304,SNWCAVG,20240301 0000,20240301 0000,19.8, ,INCHES
SWD,D,304,SNWCAVG,20240302 0000,20240302 0000,22.2, ,INCHES
SWD,D,304,SNWCAVG,20240303 0000,20240303 0000,24.1, ,INCHES
SWD,D,304,SNWCAVG,20240304 0000,20240304 0000,24.9, ,INCHES
SWD,D,304,SNWCAVG,20240305 0000,20240305 0000,25.1, ,INCHES
SWD,D,304,SNWCAVG,20240306 0000,20240306 0000,25.5, ,INCHES
SWD,D,304,SNWCAVG,20240307 0000,20240307 0000,25.6, ,INCHES
SWD,D,304,SNWCAVG,20240308 0000,20240308 0000,25.7, ,INCHES
SWD,D,304,SNWCAVG,20240309 0000,20240309 0000,25.8, ,INCHES
SWD,D,304,SNWCAVG,20240310 0000,20240310 0000,25.8, ,INCHES
SWD,D,304,SNWCAVG,20240311 0000,20240311 0000,25.9, ,INCHES
SWD,D,304,SNWCAVG,20240312 0000,20240312 0000,26.1, ,INCHES
SWD,D,304,SNWCAVG,20240313 0000,20240313 0000,26.3, ,INCHES
SWD,D,304,SNWCAVG,20240314 0000,20240314 0000,26.3, ,INCHES
SWD,D,304,SNWCAVG,20240315 0000,20240315 0000,26.3, ,INCHES
SWD,D,304,SNWCAVG,20240316 0000,20240316 0000,26.3, ,INCHES
SWD,D,304,SNWCAVG,20240317 0000,20240317 0000,26.3, ,INCHES
SWD,D,304,SNWCAVG,20240318 0000,20240318 0000,26.2, ,INCHES
SWD,D,304,SNWCAVG,20240319 0000,20240319 0000,26.0, ,INCHES
SWD,D,304,SNWCAVG,20240320 0000,20240320 0000,25.8, ,INCHES
SWD,D,304,SNWCAVG,20240321 0000,20240321 0000,25.3, ,INCHES
SWD,D,304,SNWCAVG,20240322 0000,20240322 0000,25.0, ,INCHES
SWD,D,304,SNWCAVG,20240323 0000,20240323 0000,25.3, ,INCHES
SWD,D,304,SNWCAVG,20240324 0000,20240324 0000,26.1, ,INCHES
SWD,D,304,SNWCAVG,20240325 0000,20240325 0000,26.3, ,INCHES
SWD,D,304,SNWCAVG,20240326 0000,20240326 0000,26.4, ,INCHES
SWD,D,304,SNWCAVG,20240327 0000,20240327 0000,26.4, ,INCHES
SWD,D,304,SNWCAVG,20240328 0000,20240328 0000,27.0, ,INCHES
SWD,D,304,SNWCAVG,20240329 0000,20240329 0000,27.4, ,INCHES
SWD,D,304,SNWCAVG,20240330 0000,20240330 0000,28.2, ,INCHES
SWD,D,304,SNWCAVG,20240331 0000,20240331 0000,28.5, ,INCHES
SWD,D,304,SNWCAVG,20240401 0000,20240401 0000,28.7, ,INCHES
SWD,D,304,SNWCAVG,20240402 0000,20240402 0000,28.7, ,INCHES
SWD,D,304,SNWCAVG,20240403 0000,20240403 0000,28.5, ,INCHES
SWD,D,304,SNWCAVG,20240404 0000,20240404 0000,28.3, ,INCHES
SWD,D,304,SNWCAVG,20240405 0000,20240405 0000,28.8, ,INCHES
SWD,D,304,SNWCAVG,20240406 0000,20240406 0000,29.0, ,INCHES
SWD,D,304,SNWCAVG,20240407 0000,20240407 0000,29.1, ,INCHES
SWD,D,304,SNWCAVG,20240408 0000,20240408 0000,29.1, ,INCHES
SWD,D,304,SNWCAVG,20240409 0000,20240409 0000,29.1, ,INCHES
SWD,D,304,SNWCAVG,20240410 0000,20240410 0000,28.8, ,INCHES
SWD,D,304,SNWCAVG,20240411 0000,20240411 0000,28.4, ,INCHES
SWD,D,304,SNWCAVG,20240412 0000,20240412 0000,27.8, ,INCHES
SWD,D,304,SNWCAVG,20240413 0000,20240413 0000,27.4, ,INCHES
SWD,D,304,SNWCAVG,20240414 0000,20240414 0000,27.3, ,INCHES
SWD,D,304,SNWCAVG,20240415 0000,20240415 0000,27.4, ,INCHES
SWD,D,304,SNWCAVG,20240416 0000,20240416 0000,27.2, ,INCHES
SWD,D,304,SNWCAVG,20240417 0000,20240417 0000,26.8, ,INCHES
SWD,D,304,SNWCAVG,20240418 0000,20240418 0000,26.2, ,INCHES
SWD,D,304,SNWCAVG,20240419 0000,20240419 0000,25.4, ,INCHES
SWD,D,304,SNWCAVG,20240420 0000,20240420 0000,24.7, ,INCHES
SWD,D,304,SNWCAVG,20240421 0000,20240421 0000,23.9, ,INCHES
SWD,D,304,SNWCAVG,20240422 0000,20240422 0000,23.1, ,INCHES
SWD,D,304,SNWCAVG,20240423 0000,20240423 0000,22.1, ,INCHES
SWD,D,304,SNWCAVG,20240424 0000,20240424 0000,21.2, ,INCHES
SWD,D,304,SNWCAVG,20240425 0000,20240425 0000,20.6, ,INCHES
SWD,D,304,SNWCAVG,20240426 0000,20240426 0000,20.1, ,INCHES
SWD,D,304,SNWCAVG,20240427 0000,20240427 0000,20.2, ,INCHES
SWD,D,304,SNWCAVG,20240428 0000,20240428 0000,19.9, ,INCHES
SWD,D,304,SNWCAVG,20240429 0000,20240429 0000,19.4, ,INCHES
SWD,D,304,SNWCAVG,20240430 0000,20240430 0000,18.9, ,INCHES
SWD,D,304,SNWCAVG,20240501 0000,20240501 0000,18.3, ,INCHES
SWD,D,304,SNWCAVG,20240502 0000,20240502 0000,17.7, ,INCHES
SWD,D,304,SNWCAVG,20240503 0000,20240503 0000,17.0, ,INCHES
SWD,D,304,SNWCAVG,20240504 0000,20240504 0000,16.2, ,INCHES
SWD,D,304,SNWCAVG,20240505 0000,20240505 0000,16.9, ,INCHES
SWD,D,304,SNWCAVG,20240506 0000,20240506 0000,17.0, ,INCHES
SWD,D,304,SNWCAVG,20240507 0000,20240507 0000,16.9, ,INCHES
SWD,D,304,SNWCAVG,20240508 0000,20240508 0000,16.6, ,INCHES
SWD,D,304,SNWCAVG,20240509 0000,20240509 0000,16.2, ,INCHES
SWD,D,304,SNWCAVG,20240510 0000,20240510 0000,15.6, ,INCHES
SWD,D,304,SNWCAVG,20240511 0000,20240511 0000,14.8, ,INCHES
SWD,D,304,SNWCAVG,20240512 0000,20240512 0000,14.0, ,INCHES
SWD,D,304,SNWCAVG,20240513 0000,20240513 0000,13.1, ,INCHES
SWD,D,304,SNWCAVG,20240514 0000,20240514 0000,12.2, ,INCHES
SWD,D,304,SNWCAVG,20240515 0000,20240515 0000,11.4, ,INCHES
SWD,D,304,SNWCAVG,20240516 0000,20240516 0000,10.6, ,INCHES
SWD,D,304,SNWCAVG,20240517 0000,20240517 0000,9.8, ,INCHES
SWD,D,304,SNWCAVG,20240518 0000,20240518 0000,9.0, ,INCHES
SWD,D,304,SNWCAVG,20240519 0000,20240519 0000,8.3, ,INCHES
SWD,D,304,SNWCAVG,20240520 0000,20240520 0000,7.7, ,INCHES
SWD,D,304,SNWCAVG,20240521 0000,20240521 0000,7.2, ,INCHES
SWD,D,304,SNWCAVG,20240522 0000,20240522 0000,6.7, ,INCHES
SWD,D,304,SNWCAVG,20240523 0000,20240523 0000,6.1, ,INCHES
SWD,D,304,SNWCAVG,20240524 0000,20240524 0000,5.7, ,INCHES
SWD,D,304,SNWCAVG,20240525 0000,20240525 0000,5.3, ,INCHES
SWD,D,304,SNWCAVG,20240526 0000,20240526 0000,4.8, ,INCHES
SWD,D,304,SNWCAVG,20240527 0000,20240527 0000,4.5, ,INCHES
SWD,D,304,SNWCAVG,20240528 0000,20240528 0000,4.2, ,INCHES
SWD,D,304,SNWCAVG,20240529 0000,20240529 0000,3.7, ,INCHES
SWD,D,304,SNWCAVG,20240530 0000,20240530 0000,3.3, ,INCHES
SWD,D,304,SNWCAVG,20240531 0000,20240531 0000,3.0, ,INCHES
SWD,D,304,SNWCAVG,20240601 0000,20240601 0000,2.7, ,INCHES
SWD,D,304,SNWCAVG,20240602 0000,20240602 0000,2.5, ,INCHES
SWD,D,304,SNWCAVG,20240603 0000,20240603 0000,2.2, ,INCHES
SWD,D,304,SNWCAVG,20240604 0000,20240604 0000,2.1, ,INCHES
SWD,D,304,SNWCAVG,20240605 0000,20240605 0000,1.9, ,INCHES
SWD,D,304,SNWCAVG,20240606 0000,20240606 0000,1.6, ,INCHES
SWD,D,304,SNWCAVG,20240607 0000,20240607 0000,1.4, ,INCHES
SWD,D,304,SNWCAVG,20240608 0000,20240608 0000,0.7, ,INCHES
SWD,D,304,SNWCAVG,20240609 0000,20240609 0000,0.6, ,INCHES
SWD,D,304,SNWCAVG,20240610 0000,20240610 0000,0.5, ,INCHES
SWD,D,304,SNWCAVG,20240611 0000,20240611 0000,0.5, ,INCHES
SWD,D,304,SNWCAVG,20240612 0000,20240612 0000,0.4, ,INCHES
SWD,D,304,SNWCAVG,20240613 0000,20240613 0000,0.4, ,INCHES
SWD,D,304,SNWCAVG,20240614 0000,20240614 0000,0.3, ,INCHES
SWD,D,304,SNWCAVG,20240615 0000,20240615 0000,0.2, ,INCHES
SWD,D,304,SNWCAVG,20240616 0000,20240616 0000,0.2, ,INCHES
SWD,D,304,SNWCAVG,20240617 0000,20240617 0000,0.2, ,INCHES
SWD,D,304,SNWCAVG,20240618 0000,20240618 0000,0.1, ,INCHES
SWD,D,304,SNWCAVG,20240619 0000,20240619 0000,0.1, ,INCHES
SWD,D,304,SNWCAVG,20240620 0000,20240620 0000,0.1, ,INCHES
SWD,D,304,SNWCAVG,20240621 0000,20240621 0000,0.1, ,INCHES
SWD,D,304,SNWCAVG,20240622 0000,20240622 0000,0.0, ,INCHES
SWD,D,304,SNWCAVG,20240623 0000,20240623 0000,0.0, ,INCHES
SWD,D,304,SNWCAVG,20240624 0000,20240624 0000,0.0, ,INCHES
SWD,D,304,SNWCAVG,20240625 0000,20240625 0000,0.0, ,INCHES
SWD,D,304,SNWCAVG,20240626 0000,20240626 0000,0.0, ,INCHES
SWD,D,304,SNWCAVG,20240627 0000,20240627 0000,0.0, ,INCHES
SWD,D,304,SNWCAVG,20240628 0000,20240628 0000,0.0, ,INCHES
SWD,D,304,SNWCAVG,20240629 0000,20240629 0000,---, ,INCHES
SWD,D,304,SNWCAVG,20240630 0000,20240630 0000,---, ,INCHES
SWD,D,304,SNWCAVG,20240701 0000,20240701 0000,---, ,INCHES
SWD,D,304,SNWCAVG,20240702 0000,20240702 0000,---, ,INCHES
SWD,D,304,SNWCAVG,20240703 0000,20240703 0000,---, ,INCHES
SWD,D,304,SNWCAVG,20240704 0000,20240704 0000,---, ,INCHES
SWD,D,304,SNWCAVG,20240705 0000,20240705 0000,---, ,INCHES
SWD,D,304,SNWCAVG,20240706 0000,20240706 0000,---, ,INCHES
SWD,D,304,SNWCAVG,20240707 0000,20240707 0000,---, ,INCHES
SWD,D,304,SNWCAVG,20240708 0000,20240708 0000,---, ,INCHES
SWD,D,304,SNWCAVG,20240709 0000,20240709 0000,---, ,INCHES
SWD,D,304,SNWCAVG,20240710 0000,20240710 0000,---, ,INCHES
SWD,D,304,SNWCAVG,20240711 0000,20240711 0000,---, ,INCHES
SWD,D,304,SNWCAVG,20240712 0000,20240712 0000,---, ,INCHES
SWD,D,304,SNWCAVG,20240713 0000,20240713 0000,---, ,INCHES
SWD,D,304,SNWCAVG,20240714 0000,20240714 0000,---, ,INCHES
SWD,D,304,SNWCAVG,20240715 0000,20240715 0000,---, ,INCHES
SWD,D,304,SNWCAVG,20240716 0000,20240716 0000,---, ,INCHES
SWD,D,304,SNWCAVG,20240717 0000,20240717 0000,---, ,INCHES
SWD,D,304,SNWCAVG,20240718 0000,20240718 0000,---, ,INCHES
SWD,D,304,SNWCAVG,20240719 0000,20240719 0000,---, ,INCHES
SWD,D,304,SNWCAVG,20240720 0000,20240720 0000,---, ,INCHES
SWD,D,304,SNWCAVG,20240721 0000,20240721 0000,---, ,INCHES
SWD,D,304,SNWCAVG,20240722 0000,20240722 0000,---, ,INCHES
SWD,D,304,SNWCAVG,20240723 0000,20240723 0000,---, ,INCHES
SWD,D,304,SNWCAVG,20240724 0000,20240724 0000,---, ,INCHES
SWD,D,304,SNWCAVG,20240725 0000,20240725 0000,---, ,INCHES
SWD,D,304,SNWCAVG,20240726 0000,20240726 0000,---, ,INCHES
SWD,D,304,SNWCAVG,20240727 0000,20240727 0000,---, ,INCHES
SWD,D,304,SNWCAVG,20240728 0000,20240728 0000,---, ,INCHES
SWD,D,304,SNWCAVG,20240729 0000,20240729 0000,---, ,INCHES
SWD,D,304,SNWCAVG,20240730 0000,20240730 0000,---, ,INCHES
SWD,D,304,SNWCAVG,20240731 0000,20240731 0000,---, ,INCHES
SWD,D,304,SNWCAVG,20240801 0000,20240801 0000,---, ,INCHES
SWD,D,304,SNWCAVG,20240802 0000,20240802 0000,---, ,INCHES
SWD,D,304,SNWCAVG,20240803 0000,20240803 0000,---, ,INCHES
SWD,D,304,SNWCAVG,20240804 0000,20240804 0000,---, ,INCHES
SWD,D,304,SNWCAVG,20240805 0000,20240805 0000,---, ,INCHES
SWD,D,304,SNWCAVG,20240806 0000,20240806 0000,---, ,INCHES
SWD,D,304,SNWCAVG,20240807 0000,20240807 0000,---, ,INCHES
SWD,D,304,SNWCAVG,20240808 0000,20240808 0000,---, ,INCHES
SWD,D,304,SNWCAVG,20240809 0000,20240809 0000,---, ,INCHES
SWD,D,304,SNWCAVG,20240810 0000,20240810 0000,---, ,INCHES
SWD,D,304,SNWCAVG,20240811 0000,20240811 0000,---, ,INCHES
SWD,D,304,SNWCAVG,20240812 0000,20240812 0000,---, ,INCHES
SWD,D,304,SNWCAVG,20240813 0000,20240813 0000,---, ,INCHES
SWD,D,304,SNWCAVG,20240814 0000,20240814 0000,---, ,INCHES
SWD,D,304,SNWCAVG,20240815 0000,20240815 0000,---, ,INCHES
SWD,D,304,SNWCAVG,20240816 0000,20240816 0000,---, ,INCHES
SWD,D,304,SNWCAVG,20240817 0000,20240817 0000,---, ,INCHES
SWD,D,304,SNWCAVG,20240818 0000,20240818 0000,---, ,INCHES
SWD,D,304,SNWCAVG,20240819 0000,20240819 0000,---, ,INCHES
SWD,D,304,SNWCAVG,20240820 0000,20240820 0000,---, ,INCHES
SWD,D,304,SNWCAVG,20240821 0000,20240821 0000,---, ,INCHES
SWD,D,304,SNWCAVG,20240822 0000,20240822 0000,---, ,INCHES
SWD,D,304,SNWCAVG,20240823 0000,20240823 0000,---, ,INCHES
SWD,D,304,SNWCAVG,20240824 0000,20240824 0000,---, ,INCHES
SWD,D,304,SNWCAVG,20240825 0000,20240825 0000,---, ,INCHES
SWD,D,304,SNWCAVG,20240826 0000,20240826 0000,---, ,INCHES
SWD,D,304,SNWCAVG,20240827 0000,20240827 0000,---, ,INCHES
SWD,D,304,SNWCAVG,20240828 0000,20240828 0000,---, ,INCHES
SWD,D,304,SNWCAVG,20240829 0000,20240829 0000,---, ,INCHES
SWD,D,304,SNWCAVG,20240830 0000,20240830 0000,---, ,INCHES
SWD,D,304,SNWCAVG,20240831 0000,20240831 0000,---, ,INCHES
SWD,D,304,SNWCAVG,20240901 0000,20240901 0000,---, ,INCHES
SWD,D,304,SNWCAVG,20240902 0000,20240902 0000,---, ,INCHES
SWD,D,304,SNWCAVG,20240903 0000,20240903 0000,---, ,INCHES
SWD,D,304,SNWCAVG,20240904 0000,20240904 0000,---, ,INCHES
SWD,D,304,SNWCAVG,20240905 0000,20240905 0000,---, ,INCHES
SWD,D,304,SNWCAVG,20240906 0000,20240906 0000,---, ,INCHES
SWD,D,304,SNWCAVG,20240907 0000,20240907 0000,---, ,INCHES
SWD,D,304,SNWCAVG,20240908 0000,20240908 0000,---, ,INCHES
SWD,D,304,SNWCAVG,20240909 0000,20240909 0000,---, ,INCHES
SWD,D,304,SNWCAVG,20240910 0000,20240910 0000,---, ,INCHES
SWD,D,304,SNWCAVG,20240911 0000,20240911 0000,---, ,INCHES
SWD,D,304,SNWCAVG,20240912 0000,20240912 0000,---, ,INCHES
SWD,D,304,SNWCAVG,20240913 0000,20240913 0000,---, ,INCHES
SWD,D,304,SNWCAVG,20240914 0000,20240914 0000,---, ,INCHES
SWD,D,304,SNWCAVG,20240915 0000,20240915 0000,---, ,INCHES
SWD,D,304,SNWCAVG,20240916 0000,20240916 0000,---, ,INCHES
SWD,D,304,SNWCAVG,20240917 0000,20240917 0000,---, ,INCHES
SWD,D,304,SNWCAVG,20240918 0000,20240918 0000,---, ,INCHES
SWD,D,304,SNWCAVG,20240919 0000,20240919 0000,---, ,INCHES
SWD,D,304,SNWCAVG,20240920 0000,20240920 0000,---, ,INCHES
SWD,D,304,SNWCAVG,20240921 0000,20240921 0000,---, ,INCHES
SWD,D,304,SNWCAVG,20240922 0000,20240922 0000,---, ,INCHES
SWD,D,304,SNWCAVG,20240923 0000,20240923 0000,---, ,INCHES
SWD,D,304,SNWCAVG,20240924 0000,20240924 0000,---, ,INCHES
SWD,D,304,SNWCAVG,20240925 0000,20240925 0000,---, ,INCHES
SWD,D,304,SNWCAVG,20240926 0000,20240926 0000,---, ,INCHES
SWD,D,304,SNWCAVG,20240927 0000,20240927 0000,---, ,INCHES
SWD,D,304,SNWCAVG,20240928 0000,20240928 0000,---, ,INCHES
SWD,D,304,SNWCAVG,20240929 0000,20240929 0000,---, ,INCHES
SWD,D,304,SNWCAVG,20240930 0000,20240930 0000,---, ,INCHES
SWD,D,304,SNWCAVG,20241001 0000,20241001 0000,---, ,INCHES
SWD,D,304,SNWCAVG,20241002 0000,20241002 0000,---, ,INCHES
SWD,D,304,SNWCAVG,20241003 0000,20241003 0000,---, ,INCHES
SWD,D,304,SNWCAVG,20241004 0000,20241004 0000,---, ,INCHES
SWD,D,304,SNWCAVG,20241005 0000,20241005 0000,---, ,INCHES
SWD,D,304,SNWCAVG,20241006 0000,20241006 0000,---, ,INCHES
SWD,D,304,SNWCAVG,20241007 0000,20241007 0000,---, ,INCHES
SWD,D,304,SNWCAVG,20241008 0000,20241008 0000,---, ,INCHES
SWD,D,304,SNWCAVG,20241009 0000,20241009 0000,---, ,INCHES
SWD,D,304,SNWCAVG,20241010 0000,20241010 0000,---, ,INCHES
SWD,D,304,SNWCAVG,20241011 0000,20241011 0000,---, ,INCHES
SWD,D,304,SNWCAVG,20241012 0000,20241012 0000,---, ,INCHES
SWD,D,304,SNWCAVG,20241013 0000,20241013 0000,---, ,INCHES
SWD,D,304,SNWCAVG,20241014 0000,20241014 0000,---, ,INCHES
SWD,D,304,SNWCAVG,20241015 0000,20241015 0000,---, ,INCHES
SWD,D,304,SNWCAVG,20241016 0000,20241016 0000,---, ,INCHES
SWD,D,304,SNWCAVG,20241017 0000,20241017 0000,---, ,INCHES
SWD,D,304,SNWCAVG,20241018 0000,20241018 0000,---, ,INCHES
SWD,D,304,SNWCAVG,20241019 0000,20241019 0000,---, ,INCHES
SWD,D,304,SNWCAVG,20241020 0000,20241020 0000,---, ,INCHES
SWD,D,304,SNWCAVG,20241021 0000,20241021 0000,---, ,INCHES
SWD,D,304,SNWCAVG,20241022 0000,20241022 0000,---, ,INCHES
SWD,D,304,SNWCAVG,20241023 0000,20241023 0000,---, ,INCHES
SWD,D,304,SNWCAVG,20241024 0000,20241024 0000,---, ,INCHES
SWD,D,304,SNWCAVG,20241025 0000,20241025 0000,---, ,INCHES
SWD,D,304,SNWCAVG,20241026 0000,20241026 0000,---, ,INCHES
SWD,D,304,SNWCAVG,20241027 0000,20241027 0000,---, ,INCHES
SWD,D,304,SNWCAVG,20241028 0000,20241028 0000,---, ,INCHES
SWD,D,304,SNWCAVG,20241029 0000,20241029 0000,---, ,INCHES
SWD,D,304,SNWCAVG,20241030 0000,20241030 0000,---, ,INCHES
SWD,D,304,SNWCAVG,20241031 0000,20241031 0000,---, ,INCHES
SWD,D,304,SNWCAVG,20241101 0000,20241101 0000,---, ,INCHES
SWD,D,304,SNWCAVG,20241102 0000,20241102 0000,---, ,INCHES
SWD,D,304,SNWCAVG,20241103 0000,20241103 0000,---, ,INCHES
SWD,D,304,SNWCAVG,20241104 0000,20241104 0000,---, ,INCHES
SWD,D,304,SNWCAVG,20241105 0000,20241105 0000,---, ,INCHES
SWD,D,304,SNWCAVG,20241106 0000,20241106 0000,---, ,INCHES
SWD,D,304,SNWCAVG,20241107 0000,20241107 0000,---, ,INCHES
SWD,D,304,SNWCAVG,20241108 0000,20241108 0000,---, ,INCHES
SWD,D,304,SNWCAVG,20241109 0000,20241109 0000,---, ,INCHES
SWD,D,304,SNWCAVG,20241110 0000,20241110 0000,---, ,INCHES
SWD,D,304,SNWCAVG,20241111 0000,20241111 0000,---, ,INCHES
SWD,D,304,SNWCAVG,20241112 0000,20241112 0000,---, ,INCHES
SWD,D,304,SNWCAVG,20241113 0000,20241113 0000,---, ,INCHES
SWD,D,304,SNWCAVG,20241114 0000,20241114 0000,---, ,INCHES
SWD,D,304,SNWCAVG,20241115 0000,20241115 0000,---, ,INCHES
SWD,D,304,SNWCAVG,20241116 0000,20241116 0000,---, ,INCHES
SWD,D,304,SNWCAVG,20241117 0000,20241117 0000,---, ,INCHES
SWD,D,304,SNWCAVG,20241118 0000,20241118 0000,---, ,INCHES
SWD,D,304,SNWCAVG,20241119 0000,20241119 0000,---, ,INCHES
SWD,D,304,SNWCAVG,20241120 0000,20241120 0000,---, ,INCHES
SWD,D,304,SNWCAVG,20241121 0000,20241121 0000,---, ,INCHES
SWD,D,304,SNWCAVG,20241122 0000,20241122 0000,---, ,INCHES
SWD,D,304,SNWCAVG,20241123 0000,20241123 0000,---, ,INCHES
SWD,D,304,SNWCAVG,20241124 0000,20241124 0000,3.5, ,INCHES
SWD,D,304,SNWCAVG,20241125 0000,20241125 0000,3.6, ,INCHES
SWD,D,304,SNWCAVG,20241126 0000,20241126 0000,4.7, ,INCHES
SWD,D,304,SNWCAVG,20241127 0000,20241127 0000,5.2, ,INCHES
SWD,D,304,SNWCAVG,20241128 0000,20241128 0000,5.2, ,INCHES
SWD,D,304,SNWCAVG,20241129 0000,20241129 0000,5.2, ,INCHES
SWD,D,304,SNWCAVG,20241130 0000,20241130 0000,5.2, ,INCHES
SWD,D,304,SNWCAVG,20241201 0000,20241201 0000,5.3, ,INCHES
SWD,D,304,SNWCAVG,20241202 0000,20241202 0000,5.3, ,INCHES
SWD,D,304,SNWCAVG,20241203 0000,20241203 0000,5.2, ,INCHES
SWD,D,304,SNWCAVG,20241204 0000,20241204 0000,5.2, ,INCHES
SWD,D,304,SNWCAVG,20241205 0000,20241205 0000,5.2, ,INCHES
SWD,D,304,SNWCAVG,20241206 0000,20241206 0000,5.2, ,INCHES
SWD,D,304,SNWCAVG,20241207 0000,20241207 0000,5.2, ,INCHES
SWD,D,304,SNWCAVG,20241208 0000,20241208 0000,5.2, ,INCHES
SWD,D,304,SNWCAVG,20241209 0000,20241209 0000,5.2, ,INCHES
SWD,D,304,SNWCAVG,20241210 0000,20241210 0000,5.2, ,INCHES
SWD,D,304,SNWCAVG,20241211 0000,20241211 0000,5.2, ,INCHES
SWD,D,304,SNWCAVG,20241212 0000,20241212 0000,5.3, ,INCHES
SWD,D,304,SNWCAVG,20241213 0000,20241213 0000,5.8, ,INCHES
SWD,D,304,SNWCAVG,20241214 0000,20241214 0000,6.5, ,INCHES
SWD,D,304,SNWCAVG,20241215 0000,20241215 0000,7.7, ,INCHES
SWD,D,304,SNWCAVG,20241216 0000,20241216 0000,7.9, ,INCHES
SWD,D,304,SNWCAVG,20241217 0000,20241217 0000,8.4, ,INCHES
SWD,D,304,SNWCAVG,20241218 0000,20241218 0000,8.4, ,INCHES
SWD,D,304,SNWCAVG,20241219 0000,20241219 0000,8.4, ,INCHES
SWD,D,304,SNWCAVG,20241220 0000,20241220 0000,8.4, ,INCHES
SWD,D,304,SNWCAVG,20241221 0000,20241221 0000,8.4, ,INCHES
SWD,D,304,SNWCAVG,20241222 0000,20241222 0000,8.6, ,INCHES
SWD,D,304,SNWCAVG,20241223 0000,20241223 0000,8.7, ,INCHES
SWD,D,304,SNWCAVG,20241224 0000,20241224 0000,8.6, ,INCHES
SWD,D,304,SNWCAVG,20241225 0000,20241225 0000,9.1, ,INCHES
SWD,D,304,SNWCAVG,20241226 0000,20241226 0000,9.2, ,INCHES
SWD,D,304,SNWCAVG,20241227 0000,20241227 0000,10.0, ,INCHES
SWD,D,304,SNWCAVG,20241228 0000,20241228 0000,10.2, ,INCHES
SWD,D,304,SNWCAVG,20241229 0000,20241229 0000,10.1, ,INCHES
SWD,D,304,SNWCAVG,20241230 0000,20241230 0000,10.6, ,INCHES
SWD,D,304,SNWCAVG,20241231 0000,20241231 0000,10.6, ,INCHES
SWD,D,304,SNWCAVG,20250101 0000,20250101 0000,10.5, ,INCHES
SWD,D,304,SNWCAVG,20250102 0000,20250102 0000,10.6, ,INCHES
SWD,D,304,SNWCAVG,20250103 0000,20250103 0000,10.6, ,INCHES
SWD,D,304,SNWCAVG,20250104 0000,20250104 0000,10.8, ,INCHES
SWD,D,304,SNWCAVG,20250105 0000,20250105 0000,10.9, ,INCHES
SWD,D,304,SNWCAVG,20250106 0000,20250106 0000,10.9, ,INCHES
SWD,D,304,SNWCAVG,20250107 0000,20250107 0000,11.0, ,INCHES
SWD,D,304,SNWCAVG,20250108 0000,20250108 0000,11.0, ,INCHES
SWD,D,304,SNWCAVG,20250109 0000,20250109 0000,10.9, ,INCHES
SWD,D,304,SNWCAVG,20250110 0000,20250110 0000,10.9, ,INCHES
SWD,D,304,SNWCAVG,20250111 0000,20250111 0000,10.9, ,INCHES
SWD,D,304,SNWCAVG,20250112 0000,20250112 0000,11.0, ,INCHES
SWD,D,304,SNWCAVG,20250113 0000,20250113 0000,10.9, ,INCHES
SWD,D,304,SNWCAVG,20250114 0000,20250114 0000,10.9, ,INCHES
SWD,D,304,SNWCAVG,20250115 0000,20250115 0000,10.9, ,INCHES
SWD,D,304,SNWCAVG,20250116 0000,20250116 0000,10.9, ,INCHES
SWD,D,304,SNWCAVG,20250117 0000,20250117 0000,10.9, ,INCHES
SWD,D,304,SNWCAVG,20250118 0000,20250118 0000,11.0, ,INCHES
SWD,D,304,SNWCAVG,20250119 0000,20250119 0000,11.0, ,INCHES
SWD,D,304,SNWCAVG,20250120 0000,20250120 0000,10.9, ,INCHES
SWD,D,304,SNWCAVG,20250121 0000,20250121 0000,10.8, ,INCHES
SWD,D,304,SNWCAVG,20250122 0000,20250122 0000,10.8, ,INCHES
SWD,D,304,SNWCAVG,20250123 0000,20250123 0000,10.8, ,INCHES
SWD,D,304,SNWCAVG,20250124 0000,20250124 0000,11.0, ,INCHES
SWD,D,304,SNWCAVG,20250125 0000,20250125 0000,10.9, ,INCHES
SWD,D,304,SNWCAVG,20250126 0000,20250126 0000,11.0, ,INCHES
SWD,D,304,SNWCAVG,20250127 0000,20250127 0000,10.9, ,INCHES
SWD,D,304,SNWCAVG,20250128 0000,20250128 0000,10.9, ,INCHES
SWD,D,304,SNWCAVG,20250129 0000,20250129 0000,10.9, ,INCHES
SWD,D,304,SNWCAVG,20250130 0000,20250130 0000,10.8, ,INCHES
SWD,D,304,SNWCAVG,20250131 0000,20250131 0000,10.8, ,INCHES
SWD,D,304,SNWCAVG,20250201 0000,20250201 0000,11.3, ,INCHES
SWD,D,304,SNWCAVG,20250202 0000,20250202 0000,11.7, ,INCHES
SWD,D,304,SNWCAVG,20250203 0000,20250203 0000,11.9, ,INCHES
SWD,D,304,SNWCAVG,20250204 0000,20250204 0000,12.2, ,INCHES
SWD,D,304,SNWCAVG,20250205 0000,20250205 0000,13.2, ,INCHES
SWD,D,304,SNWCAVG,20250206 0000,20250206 0000,13.3, ,INCHES
SWD,D,304,SNWCAVG,20250207 0000,20250207 0000,14.4, ,INCHES
SWD,D,304,SNWCAVG,20250208 0000,20250208 0000,14.4, ,INCHES
SWD,D,304,SNWCAVG,20250209 0000,20250209 0000,14.4, ,INCHES
SWD,D,304,SNWCAVG,20250210 0000,20250210 0000,14.4, ,INCHES
SWD,D,304,SNWCAVG,20250211 0000,20250211 0000,14.4, ,INCHES
SWD,D,304,SNWCAVG,20250212 0000,20250212 0000,14.4, ,INCHES
SWD,D,304,SNWCAVG,20250213 0000,20250213 0000,14.9, ,INCHES
SWD,D,304,SNWCAVG,20250214 0000,20250214 0000,17.8, ,INCHES
SWD,D,304,SNWCAVG,20250215 0000,20250215 0000,18.5, ,INCHES
SWD,D,304,SNWCAVG,20250216 0000,20250216 0000,18.7, ,INCHES
SWD,D,304,SNWCAVG,20250217 0000,20250217 0000,18.8, ,INCHES
SWD,D,304,SNWCAVG,20250218 0000,20250218 0000,18.8, ,INCHES
SWD,D,304,SNWCAVG,20250219 0000,20250219 0000,18.9, ,INCHES
SWD,D,304,SNWCAVG,20250220 0000,20250220 0000,19.0, ,INCHES
SWD,D,304,SNWCAVG,20250221 0000,20250221 0000,19.1, ,INCHES
SWD,D,304,SNWCAVG,20250222 0000,20250222 0000,19.0, ,INCHES
SWD,D,304,SNWCAVG,20250223 0000,20250223 0000,19.0, ,INCHES
SWD,D,304,SNWCAVG,20250224 0000,20250224 0000,19.0, ,INCHES
SWD,D,304,SNWCAVG,20250225 0000,20250225 0000,18.9, ,INCHES
SWD,D,304,SNWCAVG,20250226 0000,20250226 0000,18.9, ,INCHES
SWD,D,304,SNWCAVG,20250227 0000,20250227 0000,19.1, ,INCHES
SWD,D,304,SNWCAVG,20250228 0000,20250228 0000,19.1, ,INCHES
SWD,D,304,SNWCAVG,20250301 0000,20250301 0000,18.9, ,INCHES
SWD,D,304,SNWCAVG,20250302 0000,20250302 0000,18.9, ,INCHES
SWD,D,304,SNWCAVG,20250303 0000,20250303 0000,19.2, ,INCHES
SWD,D,304,SNWCAVG,20250304 0000,20250304 0000,19.2, ,INCHES
SWD,D,304,SNWCAVG,20250305 0000,20250305 0000,19.3, ,INCHES
SWD,D,304,SNWCAVG,20250306 0000,20250306 0000,19.9, ,INCHES
SWD,D,304,SNWCAVG,20250307 0000,20250307 0000,20.0, ,INCHES
SWD,D,304,SNWCAVG,20250308 0000,20250308 0000,20.0, ,INCHES
SWD,D,304,SNWCAVG,20250309 0000,20250309 0000,20.0, ,INCHES
SWD,D,304,SNWCAVG,20250310 0000,20250310 0000,19.9, ,INCHES
SWD,D,304,SNWCAVG,20250311 0000,20250311 0000,19.9, ,INCHES
SWD,D,304,SNWCAVG,20250312 0000,20250312 0000,19.8, ,INCHES
SWD,D,304,SNWCAVG,20250313 0000,20250313 0000,21.3, ,INCHES
SWD,D,304,SNWCAVG,20250314 0000,20250314 0000,22.0, ,INCHES
SWD,D,304,SNWCAVG,20250315 0000,20250315 0000,22.7, ,INCHES
SWD,D,304,SNWCAVG,20250316 0000,20250316 0000,22.9, ,INCHES
SWD,D,304,SNWCAVG,20250317 0000,20250317 0000,23.4, ,INCHES
SWD,D,304,SNWCAVG,20250318 0000,20250318 0000,24.5, ,INCHES
SWD,D,304,SNWCAVG,20250319 0000,20250319 0000,24.6, ,INCHES
SWD,D,304,SNWCAVG,20250320 0000,20250320 0000,24.7, ,INCHES
SWD,D,304,SNWCAVG,20250321 0000,20250321 0000,24.7, ,INCHES
SWD,D,304,SNWCAVG,20250322 0000,20250322 0000,24.8, ,INCHES
SWD,D,304,SNWCAVG,20250323 0000,20250323 0000,24.7, ,INCHES
SWD,D,304,SNWCAVG,20250324 0000,20250324 0000,24.5, ,INCHES
SWD,D,304,SNWCAVG,20250325 0000,20250325 0000,24.2, ,INCHES
SWD,D,304,SNWCAVG,20250326 0000,20250326 0000,23.7, ,INCHES
SWD,D,304,SNWCAVG,20250327 0000,20250327 0000,23.2, ,INCHES
SWD,D,304,SNWCAVG,20250328 0000,20250328 0000,23.1, ,INCHES
SWD,D,304,SNWCAVG,20250329 0000,20250329 0000,23.2, ,INCHES
SWD,D,304,SNWCAVG,20250330 0000,20250330 0000,23.1, ,INCHES
SWD,D,304,SNWCAVG,20250331 0000,20250331 0000,23.8, ,INCHES
SWD,D,304,SNWCAVG,20250401 0000,20250401 0000,25.1, ,INCHES
SWD,D,304,SNWCAVG,20250402 0000,20250402 0000,25.8, ,INCHES
SWD,D,304,SNWCAVG,20250403 0000,20250403 0000,25.9, ,INCHES
SWD,D,304,SNWCAVG,20250404 0000,20250404 0000,25.9, ,INCHES
SWD,D,304,SNWCAVG,20250405 0000,20250405 0000,26.0, ,INCHES
SWD,D,304,SNWCAVG,20250406 0000,20250406 0000,25.8, ,INCHES
SWD,D,304,SNWCAVG,20250407 0000,20250407 0000,25.5, ,INCHES
SWD,D,304,SNWCAVG,20250408 0000,20250408 0000,25.1, ,INCHES
SWD,D,304,SNWCAVG,20250409 0000,20250409 0000,24.7, ,INCHES
SWD,D,304,SNWCAVG,20250410 0000,20250410 0000,24.0, ,INCHES
SWD,D,304,SNWCAVG,20250411 0000,20250411 0000,23.4, ,INCHES
SWD,D,304,SNWCAVG,20250412 0000,20250412 0000,22.8, ,INCHES
SWD,D,304,SNWCAVG,20250413 0000,20250413 0000,22.2, ,INCHES
SWD,D,304,SNWCAVG,20250414 0000,20250414 0000,21.3, ,INCHES
SWD,D,304,SNWCAVG,20250415 0000,20250415 0000,20.6, ,INCHES
SWD,D,304,SNWCAVG,20250416 0000,20250416 0000,20.0, ,INCHES
SWD,D,304,SNWCAVG,20250417 0000,20250417 0000,19.5, ,INCHES
SWD,D,304,SNWCAVG,20250418 0000,20250418 0000,18.9, ,INCHES
SWD,D,304,SNWCAVG,20250419 0000,20250419 0000,18.8, ,INCHES
SWD,D,304,SNWCAVG,20250420 0000,20250420 0000,18.2, ,INCHES
SWD,D,304,SNWCAVG,20250421 0000,20250421 0000,17.5, ,INCHES
SWD,D,304,SNWCAVG,20250422 0000,20250422 0000,17.0, ,INCHES
SWD,D,304,SNWCAVG,20250423 0000,20250423 0000,16.3, ,INCHES
SWD,D,304,SNWCAVG,20250424 0000,20250424 0000,15.8, ,INCHES
SWD,D,304,SNWCAVG,20250425 0000,20250425 0000,15.2, ,INCHES
SWD,D,304,SNWCAVG,20250426 0000,20250426 0000,15.0, ,INCHES
SWD,D,304,SNWCAVG,20250427 0000,20250427 0000,15.3, ,INCHES
SWD,D,304,SNWCAVG,20250428 0000,20250428 0000,15.3, ,INCHES
SWD,D,304,SNWCAVG,20250429 0000,20250429 0000,15.1, ,INCHES
SWD,D,304,SNWCAVG,20250430 0000,20250430 0000,14.5, ,INCHES
SWD,D,304,SNWCAVG,20250501 0000,20250501 0000,14.0, ,INCHES
SWD,D,304,SNWCAVG,20250502 0000,20250502 0000,13.3, ,INCHES
SWD,D,304,SNWCAVG,20250503 0000,20250503 0000,12.6, ,INCHES
SWD,D,304,SNWCAVG,20250504 0000,20250504 0000,12.2, ,INCHES
SWD,D,304,SNWCAVG,20250505 0000,20250505 0000,12.0, ,INCHES
SWD,D,304,SNWCAVG,20250506 0000,20250506 0000,11.4, ,INCHES
SWD,D,304,SNWCAVG,20250507 0000,20250507 0000,10.8, ,INCHES
SWD,D,304,SNWCAVG,20250508 0000,20250508 0000,9.9, ,INCHES
SWD,D,304,SNWCAVG,20250509 0000,20250509 0000,9.0, ,INCHES
SWD,D,304,SNWCAVG,20250510 0000,20250510 0000,8.3, ,INCHES
SWD,D,304,SNWCAVG,20250511 0000,20250511 0000,7.4, ,INCHES
SWD,D,304,SNWCAVG,20250512 0000,20250512 0000,6.7, ,INCHES
SWD,D,304,SNWCAVG,20250513 0000,20250513 0000,6.5, ,INCHES
SWD,D,304,SNWCAVG,20250514 0000,20250514 0000,6.3, ,INCHES
SWD,D,304,SNWCAVG,20250515 0000,20250515 0000,6.1, ,INCHES
SWD,D,304,SNWCAVG,20250516 0000,20250516 0000,5.6, ,INCHES
SWD,D,304,SNWCAVG,20250517 0000,20250517 0000,5.3, ,INCHES
SWD,D,304,SNWCAVG,20250518 0000,20250518 0000,5.1, ,INCHES
SWD,D,304,SNWCAVG,20250519 0000,20250519 0000,4.8, ,INCHES
SWD,D,304,SNWCAVG,20250520 0000,20250520 0000,4.4, ,INCHES
SWD,D,304,SNWCAVG,20250521 0000,20250521 0000,4.1, ,INCHES
SWD,D,304,SNWCAVG,20250522 0000,20250522 0000,3.7, ,INCHES
SWD,D,304,SNWCAVG,20250523 0000,20250523 0000,3.3, ,INCHES
SWD,D,304,SNWCAVG,20250524 0000,20250524 0000,3.0, ,INCHES
SWD,D,304,SNWCAVG,20250525 0000,20250525 0000,2.8, ,INCHES
SWD,D,304,SNWCAVG,20250526 0000,20250526 0000,2.6, ,INCHES
SWD,D,304,SNWCAVG,20250527 0000,20250527 0000,2.4, ,INCHES
SWD,D,304,SNWCAVG,20250528 0000,20250528 0000,2.1, ,INCHES
SWD,D,304,SNWCAVG,20250529 0000,20250529 0000,2.0, ,INCHES
SWD,D,304,SNWCAVG,20250530 0000,20250530 0000,1.7, ,INCHES
SWD,D,304,SNWCAVG,20250531 0000,20250531 0000,1.4, ,INCHES
SWD,D,304,SNWCAVG,20250601 0000,20250601 0000,1.1, ,INCHES
SWD,D,304,SNWCAVG,20250602 0000,20250602 0000,0.9, ,INCHES
SWD,D,304,SNWCAVG,20250603 0000,20250603 0000,0.8, ,INCHES
SWD,D,304,SNWCAVG,20250604 0000,20250604 0000,0.7, ,INCHES
SWD,D,304,SNWCAVG,20250605 0000,20250605 0000,0.6, ,INCHES
SWD,D,304,SNWCAVG,20250606 0000,20250606 0000,---, ,INCHES
SWD,D,304,SNWCAVG,20250607 0000,20250607 0000,0.5, ,INCHES
SWD,D,304,SNWCAVG,20250608 0000,20250608 0000,0.4, ,INCHES
SWD,D,304,SNWCAVG,20250609 0000,20250609 0000,0.4, ,INCHES
SWD,D,304,SNWCAVG,20250610 0000,20250610 0000,0.3, ,INCHES
SWD,D,304,SNWCAVG,20250611 0000,20250611 0000,0.3, ,INCHES
SWD,D,304,SNWCAVG,20250612 0000,20250612 0000,0.2, ,INCHES
SWD,D,304,SNWCAVG,20250613 0000,20250613 0000,0.2, ,INCHES
SWD,D,304,SNWCAVG,20250614 0000,20250614 0000,---, ,INCHES
SWD,D,304,SNWCAVG,20250615 0000,20250615 0000,---, ,INCHES
SWD,D,304,SNWCAVG,20250616 0000,20250616 0000,---, ,INCHES
SWD,D,304,SNWCAVG,20250617 0000,20250617 0000,---, ,INCHES
SWD,D,304,SNWCAVG,20250618 0000,20250618 0000,---, ,INCHES
SWD,D,304,SNWCAVG,20250619 0000,20250619 0000,---, ,INCHES
SWD,D,304,SNWCAVG,20250620 0000,20250620 0000,---, ,INCHES
SWD,D,304,SNWCAVG,20250621 0000,20250621 0000,---, ,INCHES
SWD,D,304,SNWCAVG,20250622 0000,20250622 0000,---, ,INCHES
SWD,D,304,SNWCAVG,20250623 0000,20250623 0000,---, ,INCHES
SWD,D,304,SNWCAVG,20250624 0000,20250624 0000,---, ,INCHES
SWD,D,304,SNWCAVG,20250625 0000,20250625 0000,---, ,INCHES
SWD,D,304,SNWCAVG,20250626 0000,20250626 0000,---, ,INCHES
SWD,D,304,SNWCAVG,20250627 0000,20250627 0000,---, ,INCHES
SWD,D,304,SNWCAVG,20250628 0000,20250628 0000,---, ,INCHES
SWD,D,304,SNWCAVG,20250629 0000,20250629 0000,---, ,INCHES
SWD,D,304,SNWCAVG,20250630 0000,20250630 0000,---, ,INCHES
SWD,D,304,SNWCAVG,20250701 0000,20250701 0000,---, ,INCHES
SWD,D,304,SNWCAVG,20250702 0000,20250702 0000,---, ,INCHES
SWD,D,304,SNWCAVG,20250703 0000,20250703 0000,---, ,INCHES
SWD,D,304,SNWCAVG,20250704 0000,20250704 0000,---, ,INCHES
SWD,D,304,SNWCAVG,20250705 0000,20250705 0000,---, ,INCHES
SWD,D,304,SNWCAVG,20250706 0000,20250706 0000,---, ,INCHES
SWD,D,304,SNWCAVG,20250707 0000,20250707 0000,---, ,INCHES
SWD,D,304,SNWCAVG,20250708 0000,20250708 0000,---, ,INCHES
SWD,D,304,SNWCAVG,20250709 0000,20250709 0000,---, ,INCHES
SWD,D,304,SNWCAVG,20250710 0000,20250710 0000,---, ,INCHES
SWD,D,304,SNWCAVG,20250711 0000,20250711 0000,---, ,INCHES
SWD,D,304,SNWCAVG,20250712 0000,20250712 0000,---, ,INCHES
SWD,D,304,SNWCAVG,20250713 0000,20250713 0000,---, ,INCHES
SWD,D,304,SNWCAVG,20250714 0000,20250714 0000,---, ,INCHES
SWD,D,304,SNWCAVG,20250715 0000,20250715 0000,---, ,INCHES
SWD,D,304,SNWCAVG,20250716 0000,20250716 0000,---, ,INCHES
SWD,D,304,SNWCAVG,20250717 0000,20250717 0000,---, ,INCHES
SWD,D,304,SNWCAVG,20250718 0000,20250718 0000,---, ,INCHES
SWD,D,304,SNWCAVG,20250719 0000,20250719 0000,---, ,INCHES
SWD,D,304,SNWCAVG,20250720 0000,20250720 0000,---, ,INCHES
SWD,D,304,SNWCAVG,20250721 0000,20250721 0000,---, ,INCHES
SWD,D,304,SNWCAVG,20250722 0000,20250722 0000,---, ,INCHES
SWD,D,304,SNWCAVG,20250723 0000,20250723 0000,---, ,INCHES
SWD,D,304,SNWCAVG,20250724 0000,20250724 0000,---, ,INCHES
SWD,D,304,SNWCAVG,20250725 0000,20250725 0000,---, ,INCHES
SWD,D,304,SNWCAVG,20250726 0000,20250726 0000,---, ,INCHES
SWD,D,304,SNWCAVG,20250727 0000,20250727 0000,---, ,INCHES
SWD,D,304,SNWCAVG,20250728 0000,20250728 0000,---, ,INCHES
SWD,D,304,SNWCAVG,20250729 0000,20250729 0000,---, ,INCHES
SWD,D,304,SNWCAVG,20250730 0000,20250730 0000,---, ,INCHES
SWD,D,304,SNWCAVG,20250731 0000,20250731 0000,---, ,INCHES
SWD,D,304,SNWCAVG,20250801 0000,20250801 0000,---, ,INCHES
SWD,D,304,SNWCAVG,20250802 0000,20250802 0000,---, ,INCHES
SWD,D,304,SNWCAVG,20250803 0000,20250803 0000,---, ,INCHES
SWD,D,304,SNWCAVG,20250804 0000,20250804 0000,---, ,INCHES
SWD,D,304,SNWCAVG,20250805 0000,20250805 0000,---, ,INCHES
SWD,D,304,SNWCAVG,20250806 0000,20250806 0000,---, ,INCHES
SWD,D,304,SNWCAVG,20250807 0000,20250807 0000,---, ,INCHES
SWD,D,304,SNWCAVG,20250808 0000,20250808 0000,---, ,INCHES
SWD,D,304,SNWCAVG,20250809 0000,20250809 0000,---, ,INCHES
SWD,D,304,SNWCAVG,20250810 0000,20250810 0000,---, ,INCHES
SWD,D,304,SNWCAVG,20250811 0000,20250811 0000,---, ,INCHES
SWD,D,304,SNWCAVG,20250812 0000,20250812 0000,---, ,INCHES
SWD,D,304,SNWCAVG,20250813 0000,20250813 0000,---, ,INCHES
SWD,D,304,SNWCAVG,20250814 0000,20250814 0000,---, ,INCHES
SWD,D,304,SNWCAVG,20250815 0000,20250815 0000,---, ,INCHES
SWD,D,304,SNWCAVG,20250816 0000,20250816 0000,---, ,INCHES
SWD,D,304,SNWCAVG,20250817 0000,20250817 0000,---, ,INCHES
SWD,D,304,SNWCAVG,20250818 0000,20250818 0000,---, ,INCHES
SWD,D,304,SNWCAVG,20250819 0000,20250819 0000,---, ,INCHES
SWD,D,304,SNWCAVG,20250820 0000,20250820 0000,---, ,INCHES
SWD,D,304,SNWCAVG,20250821 0000,20250821 0000,---, ,INCHES
SWD,D,304,SNWCAVG,20250822 0000,20250822 0000,---, ,INCHES
SWD,D,304,SNWCAVG,20250823 0000,20250823 0000,---, ,INCHES
SWD,D,304,SNWCAVG,20250824 0000,20250824 0000,---, ,INCHES
SWD,D,304,SNWCAVG,20250825 0000,20250825 0000,---, ,INCHES
SWD,D,304,SNWCAVG,20250826 0000,20250826 0000,---, ,INCHES
SWD,D,304,SNWCAVG,20250827 0000,20250827 0000,---, ,INCHES
SWD,D,304,SNWCAVG,20250828 0000,20250828 0000,---, ,INCHES
SWD,D,304,SNWCAVG,20250829 0000,20250829 0000,---, ,INCHES
SWD,D,304,SNWCAVG,20250830 0000,20250830 0000,---, ,INCHES
SWD,D,304,SNWCAVG,20250831 0000,20250831 0000,---, ,INCHES
SWD,D,304,SNWCAVG,20250901 0000,20250901 0000,---, ,INCHES
SWD,D,304,SNWCAVG,20250902 0000,20250902 0000,---, ,INCHES
SWD,D,304,SNWCAVG,20250903 0000,20250903 0000,---, ,INCHES
SWD,D,304,SNWCAVG,20250904 0000,20250904 0000,---, ,INCHES
SWD,D,304,SNWCAVG,20250905 0000,20250905 0000,---, ,INCHES
SWD,D,304,SNWCAVG,20250906 0000,20250906 0000,---, ,INCHES
SWD,D,304,SNWCAVG,20250907 0000,20250907 0000,---, ,INCHES
SWD,D,304,SNWCAVG,20250908 0000,20250908 0000,---, ,INCHES
SWD,D,304,SNWCAVG,20250909 0000,20250909 0000,---, ,INCHES
SWD,D,304,SNWCAVG,20250910 0000,20250910 0000,---, ,INCHES
SWD,D,304,SNWCAVG,20250911 0000,20250911 0000,---, ,INCHES
SWD,D,304,SNWCAVG,20250912 0000,20250912 0000,---, ,INCHES
SWD,D,304,SNWCAVG,20250913 0000,20250913 0000,---, ,INCHES
SWD,D,304,SNWCAVG,20250914 0000,20250914 0000,---, ,INCHES
SWD,D,304,SNWCAVG,20250915 0000,20250915 0000,---, ,INCHES
SWD,D,304,SNWCAVG,20250916 0000,20250916 0000,---, ,INCHES
SWD,D,304,SNWCAVG,20250917 0000,20250917 0000,---, ,INCHES
SWD,D,304,SNWCAVG,20250918 0000,20250918 0000,---, ,INCHES
SWD,D,304,SNWCAVG,20250919 0000,20250919 0000,---, ,INCHES
SWD,D,304,SNWCAVG,20250920 0000,20250920 0000,---, ,INCHES
SWD,D,304,SNWCAVG,20250921 0000,20250921 0000,---, ,INCHES
SWD,D,304,SNWCAVG,20250922 0000,20250922 0000,---, ,INCHES
SWD,D,304,SNWCAVG,20250923 0000,20250923 0000,---, ,INCHES
SWD,D,304,SNWCAVG,20250924 0000,20250924 0000,---, ,INCHES
SWD,D,304,SNWCAVG,20250925 0000,20250925 0000,---, ,INCHES
SWD,D,304,SNWCAVG,20250926 0000,20250926 0000,---, ,INCHES
SWD,D,304,SNWCAVG,20250927 0000,20250927 0000,---, ,INCHES
SWD,D,304,SNWCAVG,20250928 0000,20250928 0000,---, ,INCHES
SWD,D,304,SNWCAVG,20250929 0000,20250929 0000,---, ,INCHES
SWD,D,304,SNWCAVG,20250930 0000,20250930 0000,---, ,INCHES
SWD,D,304,SNWCAVG,20251001 0000,20251001 0000,---, ,INCHES
SWD,D,304,SNWCAVG,20251002 0000,20251002 0000,---, ,INCHES
SWD,D,304,SNWCAVG,20251003 0000,20251003 0000,---, ,INCHES
SWD,D,304,SNWCAVG,20251004 0000,20251004 0000,---, ,INCHES
SWD,D,304,SNWCAVG,20251005 0000,20251005 0000,---, ,INCHES
SWD,D,304,SNWCAVG,20251006 0000,20251006 0000,---, ,INCHES
SWD,D,304,SNWCAVG,20251007 0000,20251007 0000,---, ,INCHES
SWD,D,304,SNWCAVG,20251008 0000,20251008 0000,---, ,INCHES
SWD,D,304,SNWCAVG,20251009 0000,20251009 0000,---, ,INCHES
SWD,D,304,SNWCAVG,20251010 0000,20251010 0000,---, ,INCHES
SWD,D,304,SNWCAVG,20251011 0000,20251011 0000,---, ,INCHES
SWD,D,304,SNWCAVG,20251012 0000,20251012 0000,---, ,INCHES
SWD,D,304,SNWCAVG,20251013 0000,20251013 0000,---, ,INCHES
SWD,D,304,SNWCAVG,20251014 0000,20251014 0000,---, ,INCHES
SWD,D,304,SNWCAVG,20251015 0000,20251015 0000,---, ,INCHES
SWD,D,304,SNWCAVG,20251016 0000,20251016 0000,---, ,INCHES
SWD,D,304,SNWCAVG,20251017 0000,20251017 0000,---, ,INCHES
SWD,D,304,SNWCAVG,20251018 0000,20251018 0000,---, ,INCHES
SWD,D,304,SNWCAVG,20251019 0000,20251019 0000,---, ,INCHES
SWD,D,304,SNWCAVG,20251020 0000,20251020 0000,---, ,INCHES
SWD,D,304,SNWCAVG,20251021 0000,20251021 0000,---, ,INCHES
SWD,D,304,SNWCAVG,20251022 0000,20251022 0000,---, ,INCHES
SWD,D,304,SNWCAVG,20251023 0000,20251023 0000,---, ,INCHES
SWD,D,304,SNWCAVG,20251024 0000,20251024 0000,---, ,INCHES
SWD,D,304,SNWCAVG,20251025 0000,20251025 0000,---, ,INCHES
SWD,D,304,SNWCAVG,20251026 0000,20251026 0000,---, ,INCHES
SWD,D,304,SNWCAVG,20251027 0000,20251027 0000,---, ,INCHES
SWD,D,304,SNWCAVG,20251028 0000,20251028 0000,---, ,INCHES
SWD,D,304,SNWCAVG,20251029 0000,20251029 0000,---, ,INCHES
SWD,D,304,SNWCAVG,20251030 0000,20251030 0000,---, ,INCHES
SWD,D,304,SNWCAVG,20251031 0000,20251031 0000,---, ,INCHES
SWD,D,304,SNWCAVG,20251101 0000,20251101 0000,---, ,INCHES
SWD,D,304,SNWCAVG,20251102 0000,20251102 0000,---, ,INCHES
SWD,D,304,SNWCAVG,20251103 0000,20251103 0000,---, ,INCHES
SWD,D,304,SNWCAVG,20251104 0000,20251104 0000,---, ,INCHES
SWD,D,304,SNWCAVG,20251105 0000,20251105 0000,---, ,INCHES
SWD,D,304,SNWCAVG,20251106 0000,20251106 0000,---, ,INCHES
SWD,D,304,SNWCAVG,20251107 0000,20251107 0000,---, ,INCHES
SWD,D,304,SNWCAVG,20251108 0000,20251108 0000,---, ,INCHES
SWD,D,304,SNWCAVG,20251109 0000,20251109 0000,---, ,INCHES
SWD,D,304,SNWCAVG,20251110 0000,20251110 0000,---, ,INCHES
SWD,D,304,SNWCAVG,20251111 0000,20251111 0000,---, ,INCHES
SWD,D,304,SNWCAVG,20251112 0000,20251112 0000,---, ,INCHES
SWD,D,304,SNWCAVG,20251113 0000,20251113 0000,---, ,INCHES
SWD,D,304,SNWCAVG,20251114 0000,20251114 0000,---, ,INCHES
SWD,D,304,SNWCAVG,20251115 0000,20251115 0000,---, ,INCHES
SWD,D,304,SNWCAVG,20251116 0000,20251116 0000,---, ,INCHES
SWD,D,304,SNWCAVG,20251117 0000,20251117 0000,---, ,INCHES
SWD,D,304,SNWCAVG,20251118 0000,20251118 0000,---, ,INCHES
SWD,D,304,SNWCAVG,20251119 0000,20251119 0000,---, ,INCHES
SWD,D,304,SNWCAVG,20251120 0000,20251120 0000,---, ,INCHES
SWD,D,304,SNWCAVG,20251121 0000,20251121 0000,---, ,INCHES
SWD,D,304,SNWCAVG,20251122 0000,20251122 0000,---, ,INCHES
SWD,D,304,SNWCAVG,20251123 0000,20251123 0000,---, ,INCHES
SWD,D,304,SNWCAVG,20251124 0000,20251124 0000,---, ,INCHES
SWD,D,304,SNWCAVG,20251125 0000,20251125 0000,---, ,INCHES
SWD,D,304,SNWCAVG,20251126 0000,20251126 0000,---, ,INCHES
SWD,D,304,SNWCAVG,20251127 0000,20251127 0000,---, ,INCHES
SWD,D,304,SNWCAVG,20251128 0000,20251128 0000,---, ,INCHES
SWD,D,304,SNWCAVG,20251129 0000,20251129 0000,---, ,INCHES
SWD,D,304,SNWCAVG,20251130 0000,20251130 0000,1.3, ,INCHES
SWD,D,304,SNWCAVG,20251201 0000,20251201 0000,1.3, ,INCHES
SWD,D,304,SNWCAVG,20251202 0000,20251202 0000,1.3, ,INCHES
SWD,D,304,SNWCAVG,20251203 0000,20251203 0000,1.3, ,INCHES
SWD,D,304,SNWCAVG,20251204 0000,20251204 0000,1.3, ,INCHES
SWD,D,304,SNWCAVG,20251205 0000,20251205 0000,1.3, ,INCHES
SWD,D,304,SNWCAVG,20251206 0000,20251206 0000,1.3, ,INCHES
SWD,D,304,SNWCAVG,20251207 0000,20251207 0000,1.2, ,INCHES
SWD,D,304,SNWCAVG,20251208 0000,20251208 0000,1.2, ,INCHES
SWD,D,304,SNWCAVG,20251209 0000,20251209 0000,1.2, ,INCHES
SWD,D,304,SNWCAVG,20251210 0000,20251210 0000,1.1, ,INCHES
SWD,D,304,SNWCAVG,20251211 0000,20251211 0000,1.1, ,INCHES
SWD,D,304,SNWCAVG,20251212 0000,20251212 0000,1.1, ,INCHES
SWD,D,304,SNWCAVG,20251213 0000,20251213 0000,1.1, ,INCHES
SWD,D,304,SNWCAVG,20251214 0000,20251214 0000,1.1, ,INCHES
SWD,D,304,SNWCAVG,20251215 0000,20251215 0000,1.1, ,INCHES
SWD,D,304,SNWCAVG,20251216 0000,20251216 0000,1.1, ,INCHES
SWD,D,304,SNWCAVG,20251217 0000,20251217 0000,1.1, ,INCHES
SWD,D,304,SNWCAVG,20251218 0000,20251218 0000,0.9, ,INCHES
SWD,D,304,SNWCAVG,20251219 0000,20251219 0000,0.9, ,INCHES
SWD,D,304,SNWCAVG,20251220 0000,20251220 0000,1.1, ,INCHES
SWD,D,304,SNWCAVG,20251221 0000,20251221 0000,1.0, ,INCHES
SWD,D,304,SNWCAVG,20251222 0000,20251222 0000,1.1, ,INCHES
SWD,D,304,SNWCAVG,20251223 0000,20251223 0000,1.4, ,INCHES
SWD,D,304,SNWCAVG,20251224 0000,20251224 0000,1.6, ,INCHES
SWD,D,304,SNWCAVG,20251225 0000,20251225 0000,3.8, ,INCHES
SWD,D,304,SNWCAVG,20251226 0000,20251226 0000,5.8, ,INCHES
SWD,D,304,SNWCAVG,20251227 0000,20251227 0000,6.8, ,INCHES
SWD,D,304,SNWCAVG,20251228 0000,20251228 0000,6.8, ,INCHES
SWD,D,304,SNWCAVG,20251229 0000,20251229 0000,6.8, ,INCHES
SWD,D,304,SNWCAVG,20251230 0000,20251230 0000,6.8, ,INCHES
SWD,D,304,SNWCAVG,20251231 0000,20251231 0000,6.8, ,INCHES
SWD,D,304,SNWCAVG,20260101 0000,20260101 0000,6.9, ,INCHES
SWD,D,304,SNWCAVG,20260102 0000,20260102 0000,7.1, ,INCHES
SWD,D,304,SNWCAVG,20260103 0000,20260103 0000,7.3, ,INCHES
SWD,D,304,SNWCAVG,20260104 0000,20260104 0000,8.5, ,INCHES
SWD,D,304,SNWCAVG,20260105 0000,20260105 0000,10.0, ,INCHES
SWD,D,304,SNWCAVG,20260106 0000,20260106 0000,10.2, ,INCHES
SWD,D,304,SNWCAVG,20260107 0000,20260107 0000,10.2, ,INCHES
SWD,D,304,SNWCAVG,20260108 0000,20260108 0000,10.4, ,INCHES
SWD,D,304,SNWCAVG,20260109 0000,20260109 0000,10.5, ,INCHES
SWD,D,304,SNWCAVG,20260110 0000,20260110 0000,10.5, ,INCHES
SWD,D,304,SNWCAVG,20260111 0000,20260111 0000,10.5, ,INCHES
SWD,D,304,SNWCAVG,20260112 0000,20260112 0000,10.5, ,INCHES
SWD,D,304,SNWCAVG,20260113 0000,20260113 0000,10.5, ,INCHES
SWD,D,304,SNWCAVG,20260114 0000,20260114 0000,10.5, ,INCHES
SWD,D,304,SNWCAVG,20260115 0000,20260115 0000,10.4, ,INCHES
SWD,D,304,SNWCAVG,20260116 0000,20260116 0000,10.3, ,INCHES
SWD,D,304,SNWCAVG,20260117 0000,20260117 0000,10.2, ,INCHES
SWD,D,304,SNWCAVG,20260118 0000,20260118 0000,10.1, ,INCHES
SWD,D,304,SNWCAVG,20260119 0000,20260119 0000,10.1, ,INCHES
SWD,D,304,SNWCAVG,20260120 0000,20260120 0000,10.1, ,INCHES
SWD,D,304,SNWCAVG,20260121 0000,20260121 0000,10.1, ,INCHES
SWD,D,304,SNWCAVG,20260122 0000,20260122 0000,10.0, ,INCHES
SWD,D,304,SNWCAVG,20260123 0000,20260123 0000,10.0, ,INCHES
SWD,D,304,SNWCAVG,20260124 0000,20260124 0000,10.0, ,INCHES
SWD,D,304,SNWCAVG,20260125 0000,20260125 0000,9.9, ,INCHES
SWD,D,304,SNWCAVG,20260126 0000,20260126 0000,9.9, ,INCHES
SWD,D,304,SNWCAVG,20260127 0000,20260127 0000,9.8, ,INCHES
SWD,D,304,SNWCAVG,20260128 0000,20260128 0000,9.9, ,INCHES
SWD,D,304,SNWCAVG,20260129 0000,20260129 0000,9.9, ,INCHES
SWD,D,304,SNWCAVG,20260130 0000,20260130 0000,9.9, ,INCHES
SWD,D,304,SNWCAVG,20260131 0000,20260131 0000,9.9, ,INCHES
SWD,D,304,SNWCAVG,20260201 0000,20260201 0000,9.8, ,INCHES
SWD,D,304,SNWCAVG,20260202 0000,20260202 0000,9.8, ,INCHES
SWD,D,304,SNWCAVG,20260203 0000,20260203 0000,9.8, ,INCHES
SWD,D,304,SNWCAVG,20260204 0000,20260204 0000,9.7, ,INCHES
SWD,D,304,SNWCAVG,20260205 0000,20260205 0000,9.7, ,INCHES
SWD,D,304,SNWCAVG,20260206 0000,20260206 0000,9.6, ,INCHES
SWD,D,304,SNWCAVG,20260207 0000,20260207 0000,9.6, ,INCHES
SWD,D,304,SNWCAVG,20260208 0000,20260208 0000,9.5, ,INCHES
SWD,D,304,SNWCAVG,20260209 0000,20260209 0000,9.5, ,INCHES
SWD,D,304,SNWCAVG,20260210 0000,20260210 0000,9.5, ,INCHES
SWD,D,304,SNWCAVG,20260211 0000,20260211 0000,9.9, ,INCHES
SWD,D,304,SNWCAVG,20260212 0000,20260212 0000,10.1, ,INCHES
SWD,D,304,SNWCAVG,20260213 0000,20260213 0000,10.1, ,INCHES
SWD,D,304,SNWCAVG,20260214 0000,20260214 0000,10.2, ,INCHES
SWD,D,304,SNWCAVG,20260215 0000,20260215 0000,10.2, ,INCHES
SWD,D,304,SNWCAVG,20260216 0000,20260216 0000,10.4, ,INCHES
SWD,D,304,SNWCAVG,20260217 0000,20260217 0000,11.8, ,INCHES
SWD,D,304,SNWCAVG,20260218 0000,20260218 0000,14.3, ,INCHES
SWD,D,304,SNWCAVG,20260219 0000,20260219 0000,15.0, ,INCHES
SWD,D,304,SNWCAVG,20260220 0000,20260220 0000,16.0, ,INCHES
SWD,D,304,SNWCAVG,20260221 0000,20260221 0000,16.0, ,INCHES
SWD,D,304,SNWCAVG,20260222 0000,20260222 0000,16.1, ,INCHES
SWD,D,304,SNWCAVG,20260223 0000,20260223 0000,16.1, ,INCHES
SWD,D,304,SNWCAVG,20260224 0000,20260224 0000,16.2, ,INCHES
SWD,D,304,SNWCAVG,20260225 0000,20260225 0000,16.2, ,INCHES
SWD,D,304,SNWCAVG,20260226 0000,20260226 0000,15.6, ,INCHES
SWD,D,304,SNWCAVG,20260227 0000,20260227 0000,15.3, ,INCHES
SWD,D,304,SNWCAVG,20260228 0000,20260228 0000,15.1, ,INCHES
SWD,D,304,SNWCAVG,20260301 0000,20260301 0000,14.8, ,INCHES
SWD,D,304,SNWCAVG,20260302 0000,20260302 0000,14.6, ,INCHES
SWD,D,304,SNWCAVG,20260303 0000,20260303 0000,14.5, ,INCHES
SWD,D,304,SNWCAVG,20260304 0000,20260304 0000,14.3, ,INCHES
SWD,D,304,SNWCAVG,20260305 0000,20260305 0000,14.2, ,INCHES
SWD,D,304,SNWCAVG,20260306 0000,20260306 0000,14.1, ,INCHES
SWD,D,304,SNWCAVG,20260307 0000,20260307 0000,14.0, ,INCHES
SWD,D,304,SNWCAVG,20260308 0000,20260308 0000,13.8, ,INCHES
SWD,D,304,SNWCAVG,20260309 0000,20260309 0000,13.6, ,INCHES
SWD,D,304,SNWCAVG,20260310 0000,20260310 0000,13.3, ,INCHES
SWD,D,304,SNWCAVG,20260311 0000,20260311 0000,13.1, ,INCHES
SWD,D,304,SNWCAVG,20260312 0000,20260312 0000,12.8, ,INCHES
SWD,D,304,SNWCAVG,20260313 0000,20260313 0000,12.5, ,INCHES
SWD,D,304,SNWCAVG,20260314 0000,20260314 0000,12.2, ,INCHES
SWD,D,304,SNWCAVG,20260315 0000,20260315 0000,11.8, ,INCHES
SWD,D,304,SNWCAVG,20260316 0000,20260316 0000,11.4, ,INCHES
SWD,D,304,SNWCAVG,20260317 0000,20260317 0000,11.0, ,INCHES
SWD,D,304,SNWCAVG,20260318 0000,20260318 0000,10.5, ,INCHES
SWD,D,304,SNWCAVG,20260319 0000,20260319 0000,9.9, ,INCHES
SWD,D,304,SNWCAVG,20260320 0000,20260320 0000,9.3, ,INCHES
SWD,D,304,SNWCAVG,20260321 0000,20260321 0000,8.7, ,INCHES
SWD,D,304,SNWCAVG,20260322 0000,20260322 0000,8.2, ,INCHES
SWD,D,304,SNWCAVG,20260323 0000,20260323 0000,7.7, ,INCHES
SWD,D,304,SNWCAVG,20260324 0000,20260324 0000,7.2, ,INCHES
SWD,D,304,SNWCAVG,20260325 0000,20260325 0000,6.7, ,INCHES
SWD,D,304,SNWCAVG,20260326 0000,20260326 0000,6.2, ,INCHES
